,Stock name,Symbol,Country of origin
0,3D Systems Corporation,DDD,US
1,3M Company,MMM,US
2,500.com,WBAI,China
3,58.com Inc.,WUBA,China
4,8x8 Inc.,EGHT,US
0,A. O. Smith Corporation,AOS,US
1,"A10 Networks, Inc.",ATEN,US
2,AAC Holdings Inc.,AAC,US
3,AAR Corporation,AIR,US
4,Aaron's Inc.,AAN,US
5,ABB LTD.,ABB,Switzerland
6,Abbott Laboratories,ABT,US
7,AbbVie Inc.,ABBV,US
8,Abercrombie & Fitch,ANF,US
9,"Aberdeen Greater China Fund, Inc.",GCH,US
10,"Aberdeen Japan Equity Fund, Inc.",JEQ,US
11,"Aberdeen Singapore Fund, Inc.",SGF,US
12,ABM Industries Incorporated,ABM,US
13,Acadia Realty Trust,AKR,US
14,Accenture plc,ACN,Ireland
15,ACCO Brands Corporation,ACCO,US
16,"Acorn International, Inc.",ATV,China
17,Actuant Corporation,ATU,US
18,Acushnet Holdings Corp.,GOLF,US
19,"Acuity Brands, Inc.",AYI,US
20,Adams Express Company,ADX,US
21,Adecoagro S.A.,AGRO,Argentina
22,Adeptus Health Inc.,ADPT,US
23,Adient Plc,ADNT,Ireland
24,"Advance Auto Parts, Inc.",AAP,US
25,Advanced Disposal Services Inc.,ADSW,US
26,Advanced Drainage Systems Inc.,WMS,US
27,"Advanced Semiconductor Engineering, Inc.",ASX,Taiwan
28,AdvancePierre Food Holdings Inc.,APFH,US
29,AdvanSix Inc.,ASIX,US
30,Advantage Oil & Gas Ltd.,AAV,Canada
31,Advent Claymore Convertible Securities and Income Fund,AVK,US
32,Advent Claymore Convertible Securities and Income Fund II,AGC,US
33,Advent Claymore Enhanced Growth & Income Fund,LCM,US
34,AECOM Technology Corporation,ACM,US
35,Aegean Marine Petroleum Network Inc.,ANW,Greece
36,Aegon N.V.,AEG,Netherlands
37,Aegon N.V.,AEB,Netherlands
38,Aegon N.V.,AED,Netherlands
39,Aegon N.V.,AEH,Netherlands
40,Aegon N.V.,AEK,Netherlands
41,AerCap Holdings N.V.,AER,Ireland
42,"Aerohive Networks, Inc.",HIVE,US
43,Aerojet Rocketdyne Holdings Inc.,AJRD,US
44,The AES Corporation,AES,US
45,AES Trust III,AES.PRC,US
46,Aetna Inc.,AET,US
47,Affiliated Managers Group,AMG,US
48,Affiliated Managers Group,MGR,US
49,AFLAC Incorporated,AFL,US
50,AFLAC Incorporated,AFSD,US
51,"AG Mortgage Investment Trust, Inc.",MITT,US
52,"AG Mortgage Investment Trust, Inc.",MITT.PRA,US
53,"AG Mortgage Investment Trust, Inc.",MITT.PRB,US
54,Agco Corporation,AGCO,US
55,Agilent Technologies Inc.,A,US
56,Agnico Eagle Mines Limited,AEM,Canada
57,Agree Realty Corporation,ADC,US
58,Agrium Inc.,AGU,Canada
59,A.H. Belo Corporation,AHC,US
60,Air Lease Corporation,AL,US
61,"Air Products and Chemicals, Inc.",APD,US
62,Aircastle Limited,AYR,US
63,AK Steel Holding Corp,AKS,US
64,Alabama Power Company,ALP.PRO,US
65,Alamo Group Inc.,ALG,US
66,Alamos Gold Inc.,AGI,US
67,"Alaska Air Group, Inc.",ALK,US
68,Albany International Corp,AIN,US
69,Albemarle Corporation,ALB,US
70,"Alcoa, Inc.",AA,US
71,Alere Inc.,ALR,US
72,Alere Inc.,ALR.PRB,US
73,"Alexander & Baldwin, Inc.",ALEX,US
74,Alexanders Inc.,ALX,US
75,Alexandria Real Estate Equities Inc.,ARE,US
76,Alexandria Real Estate Equities Inc.,ARE.PRD,US
77,Alexandria Real Estate Equities Inc.,ARE.PRE,US
78,Algonquin Power & Utilities Corp.,AQN,Canada
79,Alibaba Group Holding Ltd.,BABA,China
80,Alleghany Corporation,Y,US
81,Allegheny Technologies Incorporated,ATI,US
82,Allegion Public Limited Company,ALLE,Ireland
83,Allergan Inc.,AGN,Ireland
84,Allergan Inc.,AGN.PRA,Ireland
85,"ALLETE, Inc.",ALE,US
86,"Alliance California Municipal Income Fund, Inc.",AKP,US
87,Alliance Data Systems Corporation,ADS,US
88,"Alliance One International, Inc.",AOI,US
89,"AllianceBernstein Global High Income Fund, Inc.",AWF,US
90,AllianceBernstein Holding L.P.,AB,US
91,"AllianceBernstein National Municipal Income Fund, Inc.",AFB,US
92,Alliant Energy Corporation,LNT,US
93,AllianzGI Convertible & Income Fund,NCV,US
94,AllianzGI Convertible & Income Fund II,NCZ,US
95,AllianzGI Equity & Convertible Income Fund,NIE,US
96,"AllianzGI NFJ Dividend, Interest & Premium Strategy Fund",NFJ,US
97,Allied Capital Corporation,AFC,US
98,"Allied World Assurance Company Holdings, AG",AWH,Switzerland
99,"Allison Transmission Holdings, Inc.",ALSN,US
100,Allstate Corporation,ALL,US
101,Allstate Corporation,ALL.PRA,US
102,Allstate Corporation,ALL.PRB,US
103,Allstate Corporation,ALL.PRC,US
104,Allstate Corporation,ALL.PRD,US
105,Allstate Corporation,ALL.PRE,US
106,Allstate Corporation,ALL.PRF,US
107,Ally Financial Inc.,ALLY,US
108,"Alon USA Energy, Inc.",ALJ,US
109,"Alon USA Partners, LP",ALDW,US
110,Alpine Global Dynamic Dividend Fund,AGD,US
111,Alpine Global Premier Properties Fund,AWP,US
112,Alpine Total Dynamic Dividend Fund,AOD,US
113,Altisource Residential Corporation,RESI,US
114,"Altria Group, Inc.",MO,US
115,Aluminum Corporation of China Ltd,ACH,China
116,"Amber Road, Inc.",AMBR,US
117,Ambev S.A.,ABEV,Brazil
118,"AMC Entertainment Holdings, Inc.",AMC,US
119,Amec Foster Wheeler PLC,AMFW,United Kingdom
120,Ameren Corporation,AEE,US
121,"Ameresco, Inc.",AMRC,US
122,"American Assets Trust, Inc.",AAT,US
123,"American Axle & Manufacturing Holdings, Inc.",AXL,US
124,"American Campus Communities, Inc.",ACC,US
125,"American Eagle Outfitters, Inc.",AEO,US
126,American Electric Power Company,AEP,US
127,American Equity Investment Life Holding Company,AEL,US
128,American Express Company,AXP,US
129,American Financial Group Inc.,AFG,US
130,American Financial Group Inc.,AFA,US
131,American Financial Group Inc.,AFW,US
132,American Homes 4 Rent,AMH,US
133,American Homes 4 Rent,AMH.PRA,US
134,American Homes 4 Rent,AMH.PRB,US
135,American Homes 4 Rent,AMH.PRC,US
136,American Homes 4 Rent,AMH.PRD,US
137,American Homes 4 Rent,AMH.PRE,US
138,American International Group Inc,AIG,US
139,American International Group Inc,AIG.WS,US
140,"American Midstream Partners, LP",AMID,US
141,"American Realty Investors, Inc.",ARL,US
142,American Renal Associates Holdings Inc.,ARA,US
143,American States Water Co.,AWR,US
144,American Tower Corporation,AMT,US
145,American Tower Corporation,AMT.PRA,US
146,American Tower Corporation,AMT.PRB,US
147,American Vanguard Corporation,AVD,US
148,"American Water Works Company, Inc.",AWK,US
149,Amerigas Partners lp,APU,US
150,"Ameriprise Financial, Inc.",AMP,US
151,AmerisourceBergen Corporation,ABC,US
152,Ametek Inc.,AME,US
153,Amira Nature Foods Ltd,ANFI,United Arab Emirates
154,"AMN Healthcare Services, Inc.",AMN,US
155,Ampco-Pittsburgh Corporation,AP,US
156,Amphenol Corporation,APH,US
157,Amplify Snack Brands Inc.,BETR,US
158,AMREP Corporation,AXR,US
159,"AmTrust Financial Services, Inc.",AFSI.PRA,US
160,"AmTrust Financial Services, Inc.",AFSI.PRB,US
161,"AmTrust Financial Services, Inc.",AFSI.PRC,US
162,"AmTrust Financial Services, Inc.",AFSI.PRD,US
163,"AmTrust Financial Services, Inc.",AFSI.PRE,US
164,"AmTrust Financial Services, Inc.",AFSI.PRF,US
165,América Móvil S.A.B de C.V.,AMX,Mexico
166,América Móvil S.A.B de C.V.,AMOV,Mexico
167,AngloGold Ashanti Limited,AU,South Africa
168,Anheuser-Busch Inbev SA/NV,BUD,Belgium
169,Anixter International Inc.,AXE,US
170,"Annaly Capital Management, Inc.",NLY,US
171,"Annaly Capital Management, Inc.",NLY.PRA,US
172,"Annaly Capital Management, Inc.",NLY.PRC,US
173,"Annaly Capital Management, Inc.",NLY.PRD,US
174,"Annaly Capital Management, Inc.",NLY.PRE,US
175,Antero Resources Corporation,AR,US
176,Antero Midstream Partners LP,AM,US
177,Anthem Inc.,ANTM,US
178,Anthem Inc.,ANTX,US
179,Anworth Mortgage Asset Corporation,ANH,US
180,Anworth Mortgage Asset Corporation,ANH.PRA,US
181,Anworth Mortgage Asset Corporation,ANH.PRB,US
182,Anworth Mortgage Asset Corporation,ANH.PRC,US
183,Aon Corporation,AON,United Kingdom
184,APA Corporation,APA,US
185,Apartment Investment & Management Company,AIV,US
186,Apartment Investment & Management Company,AIV.PRA,US
187,"Apollo Commercial Real Estate Finance, Inc.",ARI,US
188,"Apollo Commercial Real Estate Finance, Inc.",ARI.PRA,US
189,"Apollo Commercial Real Estate Finance, Inc.",ARI.PRC,US
190,"Apollo Global Management, LLC",APO,US
191,Apollo Investment Corporation,AIB,US
192,Apollo Investment Corporation,AIY,US
193,Apollo Senior Floating Rate Fund Inc.,AFT,US
194,Apollo Tactical Income Fund Inc.,AIF,US
195,Apple Hospitality REIT Inc.,APLE,US
196,"Applied Industrial Technologies, Inc.",AIT,US
197,AptarGroup Inc.,ATR,US
198,"Aqua America, Inc.",WTR,US
199,AquaVenture Holdings Ltd.,WAAS,British Virgin Islands
200,Aramark,ARMK,US
201,"Arbor Realty Trust, Inc.",ABR,US
202,"Arbor Realty Trust, Inc.",ABRN,US
203,"Arbor Realty Trust, Inc.",ABR.PRA,US
204,"Arbor Realty Trust, Inc.",ABR.PRB,US
205,"Arbor Realty Trust, Inc.",ABR.PRC,US
206,"ARC Document Solutions, Inc.",ARC,US
207,Arc Logistics Partners LP,ARCX,US
208,ArcelorMittal,MT,Luxembourg
209,Arch Capital Group Ltd.,ARH.PRC,Bermuda
210,Arch Coal Inc,ARCH,US
211,Archer Daniels Midland Co.,ADM,US
212,Archrock Inc.,AROC,US
213,Arconic Inc.,ARNC,US
214,Arconic Inc.,ARNC.PR,US
215,Arconic Inc.,ARNC.PRB,US
216,Arcos Dorados Holdings Inc.,ARCO,Uruguay
217,Ardmore Shipping Corporation,ASC,US
218,Ares Capital,ARU,US
219,Ares Commercial Real Estate Corporation,ACRE,US
220,"Ares Dynamic Credit Allocation Fund, Inc.",ARDC,US
221,"Ares Management, L.P.",ARES,US
222,"Ares Management, L.P.",ARES.PRA,US
223,"Ares Multi-Strategy Credit Fund, Inc.",ARMF,US
224,"Argan, Inc.",AGX,US
225,Arista Networks,ANET,US
226,Arlington Asset Investment Corporation,AI,US
227,Arlington Asset Investment Corp.,AIW,US
228,"Armada Hoffler Properties, Inc.",AHH,US
229,"Armour Residential REIT, Inc.",ARR,US
230,"Armour Residential REIT, Inc.",ARR.PRA,US
231,"Armour Residential REIT, Inc.",ARR.PRB,US
232,Armstrong Flooring Inc.,AFI,US
233,"Armstrong World Industries, Inc.",AWI,US
234,Arrow Electronics Inc,ARW,US
235,Arthur J.Gallagher & Co.,AJG,US
236,Artisan Partners Asset Management Inc.,APAM,US
237,ASA Gold and Precious Metals Limited,ASA,Bermuda
238,"Asbury Automotive Group, Inc.",ABG,US
239,"Ashford Hospitality Prime, Inc.",AHP,US
240,"Ashford Hospitality Trust, Inc.",AHT,US
241,"Ashford Hospitality Trust, Inc.",AHT.PRA,US
242,"Ashford Hospitality Trust, Inc.",AHT.PRB,US
243,"Ashford Hospitality Trust, Inc.",AHT.PRD,US
244,"Ashford Hospitality Trust, Inc.",AHT.PRF,US
245,"Ashford Hospitality Trust, Inc.",AHT.PRG,US
246,Ashland Inc.,ASH,US
247,"The Asia Pacific Fund, Inc.",APB,US
248,"The Asia Tigers Fund, Inc.",GRR,US
249,"Aspen Aerogels, Inc.",ASPN,US
250,Aspen Insurance Holdings Limited,AHL,Bermuda
251,Aspen Insurance Holdings Limited,AHL.PRB,Bermuda
252,Aspen Insurance Holdings Limited,AHL.PRC,Bermuda
253,Aspen Insurance Holdings Limited,AHL.PRD,Bermuda
254,Associated Banc-Corp,ASB,US
255,Associated Banc-Corp,ASB.PRC,US
256,Associated Banc-Corp,ASB.PRD,US
257,Associated Capital Group Inc.,AC,US
258,"Assurant, Inc.",AIZ,US
259,Assured Guaranty Ltd.,AGO,Bermuda
260,Assured Guaranty Municipal Holdings Inc.,AGO.PRB,Bermuda
261,Assured Guaranty Municipal Holdings Inc.,AGO.PRE,Bermuda
262,Assured Guaranty Municipal Holdings Inc.,AGO.PRF,Bermuda
263,Astoria Financial Corporation,AF,US
264,Astoria Financial Corporation,AF.PRC,US
265,AstraZeneca Group plc,AZN,United Kingdom
266,AT&T Inc.,T,US
267,At Home Group Inc.,HOME,US
268,Atento SA,ATTO,Luxembourg
269,Athene Holding Ltd.,ATH,Bermuda
270,Atkore International Group Inc.,ATKR,US
271,Atlantic Power Corporation,AT,Canada
272,Atmos Energy Corporation,ATO,US
273,AU Optronics Corp.,AUO,Taiwan
274,"Audacy, Inc.",AUD,US
275,Autohome Inc.,ATHM,China
276,Autoliv Inc.,ALV,US
277,Autonation Inc,AN,US
278,"AutoZone, Inc",AZO,US
279,"AvalonBay Communities, Inc.",AVB,US
280,Avangrid Inc.,AGR,US
281,Avenue Income Credit Strategies Fund,ACP,US
282,Avery Dennison Corporation,AVY,US
283,Avianca Holdings S.A.,AVH,Panama
284,Avista Corporation,AVA,US
285,Avnet Inc,AVT,US
286,"Avon Products, Inc.",AVP,United Kingdom
287,Avx Corporation,AVX,US
288,Axalta Coating Systems Ltd.,AXTA,US
289,Axis Capital Holdings Limited,AXS,Bermuda
290,Axis Capital Holdings Limited,AXS.PRC,Bermuda
291,Axis Capital Holdings Limited,AXS.PRD,Bermuda
292,Axis Capital Holdings Limited,AXS.PRE,Bermuda
293,Axovant Sciences Ltd.,AXON,Bermuda
294,Azure Power Global Ltd.,AZRE,India
295,AZZ incorporated,AZZ,US
0,B&G Foods,BGS,US
1,Babcock & Wilcox,BWC,US
2,Babson Capital Corporate Investors,MCI,US
3,Badger Meter,BMI,US
4,Baker Hughes,BKR,US
5,Ball Corporation,BLL,US
6,Bally Technologies,BYI,US
7,Baltic Trading,BALT,US
8,Banc of California,BANC,US
9,Banco Bilbao Vizcaya Argentaria,BBVA,Spain
10,Banco Bradesco,BBD,Brazil
11,Banco de Chile,BCH,Chile
12,Banco Latinoamericano De Comercio Exterior,BLX,Panama
13,Banco Macro,BMA,Argentina
14,Banco Santander,SAN,Spain
15,Banco Santander (Brasil),BSBR,Brazil
16,Banco Santander-Chile,BSAC,Chile
17,Bancolombia,CIB,Colombia
18,BancorpSouth,BXS,US
19,Bank of America,BAC,US
20,Bank of Hawaii,BOH,US
21,The Bank of New York Mellon,BK,US
22,Scotiabank,BNS,Canada
23,Bankrate,RATE,US
24,BankUnited,BKU,US
25,Barclays,BCS,United Kingdom
26,Barnes Group,B,US
27,Barracuda Networks,CUDA,US
28,Barrick Gold,ABX,Canada
29,Basic Energy Services,BAS,US
30,Baxter International,BAX,US
31,Baytex Energy,BTE,Canada
32,BBVA Banco Francés,BFR,Argentina
33,BankAtlantic,BBX,US
34,Bell Canada,BCE,Canada
35,Beazer Homes USA,BZH,US
36,Becton Dickinson,BDX,US
37,Belden,BDC,US
38,Belmond,BEL,Bermuda
39,Bemis Company,BMS,US
40,Benchmark Electronics,BHE,US
41,Berkshire Hathaway,BRK.A & BRK.B,US
42,Berkshire Hills Bancorp,BHLB,US
43,Berry Plastics,BERY,US
44,Best Buy,BBY,US
45,BGC Partners,BGCA,US
46,BHP,BBL & BHP,United Kingdom
47,Big Lots,BIG,US
48,Biglari Holdings,BH,US
49,Bill Barrett Corporation,BBG,US
50,Bio-Rad Laboratories,BIO,US
51,BioAmber,BIOA,Canada
52,BioMed Realty Trust,BMR,US
53,BitAuto Holdings,BITA,China
54,Black Hills Corporation,BKH,US
55,BlackRock,BLK,US
56,The Blackstone Group,BX,US
57,Blackstone Mortgage Trust,BXMT,US
58,Blount International,BLT,US
59,Blue Capital Reinsurance Holdings,BCRH,US
60,BlueLinx,BXC,US
61,Blyth,BTH,US
62,BMO Financial Group,BMO,Canada
63,Boeing,BA,US
64,Boise Cascade,BCC,US
65,Bonanza Creek Energy,BCEI,US
66,Booz Allen Hamilton,BAH,US
67,BorgWarner,BWA,US
68,Boston Beer Co,SAM,US
69,Boston Properties,BXP,US
70,Boston Scientific,BSX,US
71,Box Ships,TEU,Greece
72,Boyd Gaming,BYD,US
73,BP,BP,United Kingdom
74,BP Prudhoe Bay Royalty Trust,BPT,US
75,BPZ Resources,BPZ,US
76,Brady Corporation,BRC,US
77,Brandywine Realty Trust,BDN,US
78,BrasilAgro – Companhia Brasileira de Propriedades Agrícolas,LND,Brazil
79,Braskem,BAK,Brazil
80,BRF S.A.,BRFS,Brazil
81,Briggs & Stratton,BGG,US
82,Bright Horizons Family Solutions,BFAM,US
83,Brinker International,EAT,US
84,Brink's,BCO,US
85,Bristol-Myers Squibb,BMY,US
86,Bristow Helicopters,BRS,US
87,Brixmor Property Group,BRX,US
88,Broadridge Financial Solutions,BR,US
89,Brookdale Senior Living,BKD,US
90,Brookfield Asset Management,BAM,Canada
91,Brookfield Canada Office Properties,BOXC,Canada
92,Brookfield Infrastructure Partners,BIP,Canada
93,Brookfield Property Partners,BPY,Canada
94,Brookfield Renewable,BEP,Canada
95,Brookfield Residential,BRP,Canada
96,Brown & Brown,BRO,US
97,Brown-Forman,BF.A & BF.B,US
98,Brown Shoe,BWS,US
99,BRT Realty Trust,BRT,US
100,Brunswick Corporation,BC,US
101,BT Group,BT,United Kingdom
102,Buckeye Partners,BPL,US
103,The Buckle,BKE,US
104,Build-A-Bear Workshop,BBW,US
105,Bunge,BG,US
106,Burlington Coat Factory,BURL,US
0,C. R. Bard,BCR,US
1,Cabco Tr For J C Penney Debs,PFH,US
2,Cabela's,CAB,US
3,Cabot Corporation,CBT,US
4,Coterra,CTRA,US
5,CACI,CACI,US
6,CAE Inc.,CAE,Canada
7,"CAI International, Inc.",CAP,US
8,"Cal Dive International, Inc.",DVR,US
9,Calgon Carbon,CCC,US
10,California Water Service Group,CWT,US
11,Calix Inc.,CALX,US
12,Callaway Golf Company,ELY,US
13,Callon Petroleum Company,CPE,US
14,Calpine,CPN,US
15,Cambrex Corporation,CBM,US
16,Camden Property Trust,CPT,US
17,Cameco,CCJ,Canada
18,Cameron International,CAM,US
19,Campbell Soup Company,CPB,US
20,"Campus Crest Communities, Inc.",CCG,US
21,Canada Goose Holdings Inc.,GOOS,Canada
22,Canadian Imperial Bank of Commerce,CM,Canada
23,Canadian National Railway,CNI,Canada
24,Canadian Natural Resources,CNQ,Canada
25,Canadian Pacific Railway,CP,Canada
26,Canon Inc.,CAJ,Japan
27,Canopy Growth Corporation,CGC,Canada
28,Cantel Medical Corporation,CMN,US
29,Capital One,COF,US
30,Capital Senior Living,CSU,US
31,Capitala Finance Corp,CLA,US
32,Capstead Mortgage Corporation,CMO,US
33,CARBO Ceramics Inc.,CRR,US
34,Cardinal Health,CAH,US
35,Care.com,CRCM,US
36,CareFusion,CFN,US
37,Carlisle Companies,CSL,US
38,CarMax,KMX,US
39,Carnival Corporation & plc,CCL,US
40,Carnival Corporation & plc,CUK,United Kingdom
41,Carpenter Technology Corporation,CRS,US
42,Carriage Services,CSV,US
43,"Carter's, Inc.",CRI,US
44,Cash America International,CSH,US
45,Castlight Health,CSLT,US
46,"CatchMark Timber Trust, Inc.",CTT,US
47,Caterpillar Inc.,CAT,US
48,Cato Corporation,CATO,US
49,"CBIZ, Inc.",CBZ,US
50,CBL & Associates Properties,CBL,US
51,CBRE Group,CBG,US
52,CDI Corporation,CDI,US
53,Cedar Fair,FUN,US
54,Cedar Realty Trust,CDR,US
55,Celadon Group,CGI,US
56,Celanese,CE,US
57,Celestica,CLS,Canada
58,"Cellcom Israel, Ltd.",CEL,Israel
59,Cementos Pacasmayo,CPAC,Peru
60,Cemex,CX,Mexico
61,Cencosud,CNCO,Chile
62,Cenovus Energy,CVE,US
63,Centene Corporation,CNC,US
64,CenterPoint Energy,CNP,US
65,Eletrobras,EBR,Brazil
66,Central Pacific Bank,CPF,US
67,"Century Communities, Inc.",CCS,US
68,CenturyLink,CTL,US
69,Cenveo,CVO,US
70,CF Industries,CF,US
71,CGG,CGG,France
72,CGI Group,GIB,Canada
73,Chambers Street Properties,CSG,US
74,ChannelAdvisor Corporation,ECOM,US
75,Charles River Laboratories,CRL,US
76,Charles Schwab Corporation,SCHW,US
77,Chatham Lodging Trust,CLDT,US
78,CHC Helicopter,HELI,US
79,Checkpoint Systems,CKP,US
80,Cheetah Mobile,CMCM,China
81,Chegg,CHGG,US
82,Chemed Corporation,CHE,US
83,Chemtura,CHMT,US
84,Cherry Hill Mortgage Investment Corporation,CHMI,US
85,Chesapeake Energy,CHK,US
86,Chesapeake Granite Wash Trust,CHKR,US
87,Chesapeake Lodging Trust,CHSP,US
88,Chesapeake Utilities,CPK,US
89,Chevron Corporation,CVX,US
90,Chicago Bridge & Iron Company,CBI,US
91,"Chico's FAS, Inc.",CHS,US
92,Chimera Investment Corporation,CIM,US
93,China Cord Blood Corporation,CO,China
94,"China Digital TV Holding Co., LTD.",STV,China
95,China Distance Education Holdings Limited,DL,China
96,China Eastern Airlines,CEA,China
97,China Green Agriculture,CGA,China
98,China Life Insurance Company,LFC,China
99,Mingyang Wind Power,MY,China
100,China Mobile,CHL,China
101,China Nepstar,NPD,China
102,China New Borun Corporation,BORN,China
103,Sinopec,SNP,China
104,China Southern Airlines,ZNH,China
105,China Telecom,CHA,China
106,China Unicom,CHU,China
107,China Xiniya Fashion Limited,XNY,China
108,China Yuchai International,CYD,Singapore
109,China Zenix Auto International Limited,ZX,China
110,Chipotle Mexican Grill,CMG,US
111,Chiquita Brands International,CQB,US
112,Choice Hotels,CHH,US
113,Christopher & Banks,CBK,US
114,Chubb Corp.,CB,US
115,Chunghwa Telecom,CHT,Taiwan
116,Church & Dwight,CHD,US
117,Ciena,CIEN,US
118,Cigna,CI,US
119,Cincinnati Bell,CBB,US
120,Cinemark Theatres,CNK,US
121,"Circor International, Inc.",CIR,US
122,Citigroup,C,US
123,"Citizens, Inc.",CIA,US
124,City National Corporation,CYN,US
125,"City Office REIT, Inc.",CIO,Canada
126,Civeo Corporation,CVEO,US
127,Clarcor,CLC,US
128,"Clayton Williams Energy, Inc.",CWEI,US
129,Clean Harbors,CLH,US
130,Clear Channel Outdoor,CCO,US
131,Clearwater Paper,CLW,US
132,CLECO,CNL,US
133,Cleveland-Cliffs,CLF,US
134,Clorox,CLX,US
135,Cloud Peak Energy,CLD,US
136,ClubCorp,MYCC,US
137,CMS Energy,CMS,US
138,CNA Financial,CNA,US
139,CNH Industrial,CNHI,United Kingdom
140,CNO Financial Group,CNO,US
141,CNOOC Limited,CEO,China
142,"Coach, Inc.",COH,US
143,Cobalt International Energy,CIE,US
144,The Coca-Cola Company,KO,US
145,Coca-Cola Enterprises,CCE,US
146,"Coca-Cola FEMSA, S.A.B. De C.V.",KOF,Mexico
147,Coeur Mining,CDE,US
148,"Coeur Mining, Inc.",CDE.WS,US
149,"Cohen & Steers, Inc.",CNS,US
150,Colfax Corporation,CFX,US
151,Colgate-Palmolive,CL,US
152,"Colony Financial, Inc.",CLNY,US
153,"Columbia Property Trust, Inc.",CXP,US
154,Comcast,CCV,US
155,Comcast Holdings Corporation,CCZ,US
156,Comerica,CMA,US
157,Comfort Systems USA,FIX,US
158,Commercial Metals Company,CMC,US
159,CommonWealth REIT,CWH,US
160,"Community Bank, N.A.",CBU,US
161,Community Health Systems,CYH,US
162,Companhia Brasileira de Distribuição,CBD,Brazil
163,Sabesp,SBS,Brazil
164,CEMIG,CIG,Brazil
165,Copel,ELP,Brazil
166,Companhia Siderúrgica Nacional,SID,Brazil
167,Compass Diversified Holdings,CODI,US
168,Compass Minerals,CMP,US
169,Compañia de Minas Buenaventura SA,BVN,Peru
170,Compañía de las Cervecerías Unidas,CCU,Chile
171,Computer Sciences Corporation,CSC,US
172,Comstock Resources Inc.,CRK,US
173,Con-way Inc.,CNW,US
174,ConAgra Foods,CAG,US
175,Concho Resources Inc.,CXO,US
176,Concord Medical Services Holdings Limited,CCM,China
177,ConocoPhillips,COP,US
178,CONSOL Energy Inc.,CNX,US
179,Consolidated Edison,ED,US
180,Constellation Brands,STZ,US
181,Constellium N.V.,CSTM,US
182,The Container Store,TCS,US
183,Continental Building Products Inc.,CBPX,US
184,Continental Resources,CLR,US
185,Volaris,VLRS,US
186,Convergys,CVG,US
187,The Cooper Companies,COO,US
188,Cooper-Standard Automotive,CPS,US
189,Cooper Tire & Rubber Company,CTB,US
190,Copa Holdings,CPA,Panama
191,Core Laboratories,CLB,Netherlands
192,CoreLogic,CLGX,US
193,"CorEnergy Infrastructure Trust, Inc.",CORR,US
194,Corning Inc.,GLW,US
195,Corpbanca,BCA,Chile
196,Corporate Asset Backed Corporation,GYB,US
197,Corporate Asset Backed Corporation,GYC,US
198,The Corporate Executive Board Company,CEB,US
199,Corporate Office Properties Trust,OFC,US
200,Corrections Corporation of America,CXW,US
201,Cosan,CZZ,Brazil
202,Costamare,CMRE,Greece
203,Cott,COT,Canada
204,"Coty, Inc.",COTY,US
205,"Country Style Cooking Restaurant Chain Co., Ltd.",CCSC,US
206,Coupons.com,COUP,US
207,Cousins Properties,CUZ,US
208,Covance,CVD,US
209,Covanta Energy,CVA,US
210,Covidien,COV,Ireland
211,CPFL Energia,CPL,Brazil
212,Crane Co.,CR,US
213,Crawford & Company,CRD.A,US
214,Crawford & Company,CRD.B,US
215,Credicorp,BAP,Peru
216,Credit Suisse,CS,Switzerland
217,Crescent Point Energy,CPG,US
218,Crestwood Equity Partners LP,CEQP,US
219,"Crestwood Midstream, L.P.",CMLP,US
220,CRH plc,CRH,Ireland
221,Cross Timbers Royalty Trust,CRT,US
222,Crown Castle,CCI,US
223,Crown Castle Preferred,CCI.PRA,US
224,Crown Holdings,CCK,US
225,CryoLife,CRY,US
226,CSS Industries,CSS,US
227,CST Brands,CST,US
228,CSX Corporation,CSX,US
229,CTS Corporation,CTS,US
230,CubeSmart,CUBE,US
231,Cubic Corporation,CUB,US
232,Frost Bank,CFR,US
233,"Culp, Inc.",CFI,US
234,Cummins,CMI,US
235,Curtiss-Wright,CW,US
236,Cvent,CVT,US
237,"CVR Energy, Inc.",CVI,US
238,CVR Partners,UAN,US
239,"CVR Refining, LP",CVRR,US
240,CVS Health,CVS,US
241,"Cypress Energy Partners, L.P.",CELP,US
242,"CYS Investments, Inc.",CYS,US
243,Cytec Industries,CYT,US
0,D. R. Horton Inc.,DHI,US
1,D&B Corporation,DNB,US
2,Dana Holding Corporation,DAN,US
3,Danaher Corporation,DHR,US
4,Danaos Corporation,DAC,Greece
5,DAQO New Energy Corp.,DQ,Cayman Islands
6,"Darden Restaurants, Inc.",DRI,US
7,Darling Ingredients Inc.,DAR,US
8,DaVita Inc.,DVA,US
9,"DCP Midstream Partners, LP",DPM,US
10,Deckers Outdoor Corporation,DECK,US
11,Deere & Company,DE,US
12,Delaware Enhanced Global Dividend & Income Fund,DEX,US
13,"Delaware Investments Dividend and Income Fund, Inc.",DDF,US
14,"Delek Logistics Partners, LP",DKL,US
15,"Delek US Holdings, Inc.",DK,US
16,Delphi Automotive PLC,DLPH,US
17,"Delta Air Lines, Inc.",DAL,US
18,Deltic Timber Corporation,DEL,US
19,Deluxe Corporation,DLX,US
20,"Demand Media, Inc.",DMD,US
21,"Demandware, Inc.",DWRE,US
22,The Denali Fund Inc.,DNY,US
23,Denbury Inc.,DEN,US
24,Deutsche Bank AG,DB,Germany
25,Deutsche Bank Capital Funding Trust IX,DTT,US
26,Deutsche Bank Capital Funding Trust VIII,DUA,US
27,Deutsche Bank Contingent Capital Trust II,DXB,US
28,Deutsche Bank Contingent Capital Trust III,DTK,US
29,Deutsche Bank Contingent Capital Trust V,DKT,US
30,Devon Energy Corporation,DVN,US
31,DeVry Education Group Inc.,DV,US
32,"DHT Holdings, Inc.",DHT,Marshall Islands
33,Diageo plc,DEO,United Kingdom
34,Diamond Offshore Drilling Inc.,DO,US
35,"Diamond Resorts International, Inc.",DRII,US
36,DiamondRock Hospitality Company,DRH,US
37,"Diana Shipping, Inc.",DSX,Greece
38,"Diana Shipping, Inc.",DSX.PRB,Greece
39,"Dice Holdings, Inc.",DHX,US
40,"Dick's Sporting Goods, Inc.",DKS,US
41,Diebold Inc.,DBD,US
42,"Digital Realty Trust, Inc.",DLR,US
43,"Digital Realty Trust, Inc.",DLR.PRE,US
44,"Digital Realty Trust, Inc.",DLR.PRF,US
45,"Digital Realty Trust, Inc.",DLR.PRG,US
46,"Digital Realty Trust, Inc.",DLR.PRH,US
47,Dillards Inc.,DDS,US
48,Dillards Cap Tr I,DDT,US
49,"DineEquity, Inc.",DIN,US
50,Discover Financial Services,DFS,US
51,Discover Financial Services,DFS.PRB,US
52,Dividend and Income Fund,DNI,US
53,DNP Select Income Fund Inc.,DNP,US
54,"Dolby Laboratories, Inc.",DLB,US
55,Dollar General Corporation,DG,US
56,"Dominion Resources, Inc.",D,US
57,"Dominion Resources, Inc.",DCUA,US
58,"Dominion Resources, Inc.",DCUB,US
59,"Dominion Resources, Inc.",DCUC,US
60,"Dominion Resources, Inc.",DRU,US
61,Dominion Resources Black Warrior Trust,DOM,US
62,"Domino's Pizza, Inc.",DPZ,US
63,Domtar Corporation,UFS,Canada
64,Donaldson Co Inc.,DCI,US
65,Doral Financial Corporation,DRL,Puerto Rico
66,Dorian LPG Ltd.,LPG,Marshall Islands
67,Doubleline Income Solutions Fund,DSL,US
68,DoubleLine Opportunistic Credit Fund,DBL,US
69,"Douglas Dynamics, Inc.",PLOW,US
70,"Douglas Emmett, Inc.",DEI,US
71,Dover Corporation,DOV,US
72,"Dover Downs Gaming & Entertainment, Inc.",DDE,US
73,"Dover Motorsports, Inc.",DVD,US
74,Dow 30 Enhanced Premium & Income Fund Inc.,DPO,US
75,"Dow 30 Premium & Dividend Income Fund, Inc.",DPD,US
76,Dow Chemical Co.,DOW,US
77,"Dr Pepper Snapple Group, Inc.",DPS,US
78,Dr. Reddy's Laboratories Limited,RDY,India
79,DRDGOLD Limited,DRD,South Africa
80,Dresser-Rand Group Inc.,DRC,US
81,Drew Industries Incorporated,DW,US
82,Dreyfus High Yield Strategies Fund,DHF,US
83,"Dreyfus Municipal Bond Infrastructure Fund, Inc.",DMB,US
84,"Dreyfus Strategic Municipal Bond Fund, Inc.",DSM,US
85,"Dreyfus Strategic Municipals, Inc.",LEO,US
86,"Dril-Quip, Inc.",DRQ,US
87,DST Systems Inc.,DST,US
88,DSW Inc.,DSW,US
89,DTE Energy Company,DTE,US
90,DTE Energy Company,DTQ,US
91,DTE Energy Company,DTZ,US
92,"DTF Tax-Free Income, Inc.",DTF,US
93,Ducommun Inc,DCO,US
94,Duff & Phelps Global Utility Income Fund Inc.,DPG,US
95,Duff & Phelps Utility & Corporate Bond Trust,DUC,US
96,Duke Energy Corporation,DUK,US
97,Duke Energy Corporation,DUKH,US
98,Duke Realty Corporation,DRE.PRK,US
99,Duke Realty Corporation,DRE.PRL,US
100,Duke Realty Investments Inc.,DRE,US
101,DuPont Fabros Technology,DFT,US
102,DuPont Fabros Technology,DFT.PRA,US
103,"DuPont Fabros Technology, Inc.",DFT.PRB,US
104,"DWS Global High Income Fund, Inc.",LBF,US
105,"DWS High Income Opportunities Fund, Inc.",DHG,US
106,DWS High Income Trust,KHI,US
107,DWS Multi-Market Income Trust,KMM,US
108,DWS Municipal Income Trust,KTF,US
109,DWS Strategic Income Trust,KST,US
110,DWS Strategic Municipal Income Trust,KSM,US
111,Dycom Industries Inc.,DY,US
112,"Dynegy, Inc.",DYN,US
113,"Dynegy, Inc.",DYN.WS,US
114,Dynex Capital Inc.,DX,US
115,Dynex Capital Inc.,DX.PRA,US
116,Dynex Capital Inc.,DX.PRB,US
0,E-Commerce China DangDang Inc.,DANG,China
1,E-House (China) Holdings Limited,EJ,China
2,E. I. du Pont de Nemours and Company (DuPont),DD,US
3,E. I. du Pont de Nemours and Company (DuPont),DD.PRA,US
4,E. I. du Pont de Nemours and Company (DuPont),DD.PRB,US
5,The E. W. Scripps Company,SSP,US
6,Eagle Materials Inc.,EXP,US
7,Eastgroup Properties Inc.,EGP,US
8,Eastman Chemical Co.,EMN,US
9,Eastman Kodak Company,KODK,US
10,Eastman Kodak Company,KODK.WS,US
11,Eastman Kodak Company,KODK.WS.A,US
12,Eaton Corporation plc,ETN,US
13,ECA Marcellus Trust I,ECT,US
14,Eclipse Resources Corporation,ECR,US
15,Ecolab Inc.,ECL,US
16,Ecopetrol S.A.,EC,Colombia
17,Edison International,EIX,US
18,"Education Realty Trust, Inc.",EDR,US
19,Edwards Lifesciences Corp,EW,US
20,El Paso Electric Co.,EE,US
21,El Paso Energy Capital Trust I,EP.PRC,US
22,"El Paso Pipeline Partners, L.P.",EPB,US
23,Eldorado Gold Corporation,EGO,Canada
24,Eli Lilly and Company,LLY,US
25,"Ellie Mae, Inc.",ELLI,US
26,Ellington Financial LLC,EFC,US
27,Ellington Residential Mortgage REIT,EARN,US
28,Embotelladora Andina S.A.,AKO.A,Chile
29,Embotelladora Andina S.A.,AKO.B,Chile
30,Embraer S.A.,ERJ,Brazil
31,"EMCOR Group, Inc.",EME,US
32,Emerge Energy Services LP,EMES,US
33,Emergent BioSolutions Inc.,EBS,US
34,Emeritus Corporation,ESC,US
35,Emerson Electric Co.,EMR,US
36,Empire District Electric Co.,EDE,US
37,"Empire State Realty Trust, Inc.",ESRT,US
38,"Employers Holdings, Inc.",EIG,US
39,Empresa Distribuidora y Comercializadora Norte S.A.,EDN,Argentina
40,Empresas ICA S.A. DE C.V.,ICA,Mexico
41,Emulex Corporation,ELX,US
42,"Enable Midstream Partners, LP",ENBL,US
43,"Enbridge, Inc.",ENB,Canada
44,"Enbridge Energy Management, L.L.C.",EEQ,US
45,"Enbridge Energy Partners, L.P.",EEP,US
46,Endeavour International Corporation,END,US
47,Endeavour Silver Corp.,EXK,Canada
48,Endesa Chile,EOC,Chile
49,Endurance Specialty Holdings Ltd.,ENH,Bermuda
50,Endurance Specialty Holdings Ltd.,ENH.PRA,Bermuda
51,Endurance Specialty Holdings Ltd.,ENH.PRB,Bermuda
52,Enduro Royalty Trust,NDRO,US
53,"Energizer Holdings, Inc.",ENR,US
54,Energy Transfer LP,ET,US
55,Enerplus Corporation,ERF,Canada
56,Enersis S.A.,ENI,Chile
57,EnerSys,ENS,US
58,ENI S.p.A.,E,Italy
59,"EnLink Midstream, LLC",ENLC,US
60,"EnLink Midstream Partners, LP",ENLK,US
61,"Ennis, Inc.",EBF,US
62,"EnPro Industries, Inc.",NPO,US
63,Entergy Corporation,ETR,US
64,"Entergy Arkansas, Inc.",EAA,US
65,"Entergy Arkansas, Inc.",EAB,US
66,"Entergy Arkansas, Inc.",EAE,US
67,"Entergy Louisiana, LLC",ELA,US
68,"Entergy Louisiana, LLC",ELB,US
69,"Entergy Louisiana, LLC",ELU,US
70,"Entergy Mississippi, Inc.",EFM,US
71,"Entergy Mississippi, Inc.",EMQ,US
72,"Entergy Mississippi, Inc.",EMZ,US
73,"Entergy New Orleans, Inc.",ENJ,US
74,"Entergy Texas, Inc.",EZT,US
75,Enterprise Products Partners L.P.,EPD,US
76,Entravision Communications Corporation,EVC,US
77,"Envestnet, Inc.",ENV,US
78,"Envision Healthcare Holdings, Inc.",EVHC,US
79,"Enzo Biochem, Inc.",ENZ,US
80,"EOG Resources, Inc.",EOG,US
81,EP Energy Corporation,EPE,US
82,"EPAM Systems, Inc.",EPAM,US
83,EPR Properties,EPR,US
84,EPR Properties,EPR.PRC,US
85,EPR Properties,EPR.PRE,US
86,EPR Properties,EPR.PRF,US
87,EQT Corporation,EQT,US
88,"EQT Midstream Partners, LP",EQM,US
89,Equifax Inc.,EFX,US
90,"Equity Lifestyle Properties, Inc.",ELS,US
91,"Equity Lifestyle Properties, Inc.",ELS.PRC,US
92,Equity Residential,EQR,US
93,"Equus Total Return, Inc.",EQS,US
94,Era Group Inc.,ERA,US
95,Eros International Plc,EROS,US
96,Esco Technologies Inc.,ESE,US
97,Essent Group Ltd.,ESNT,US
98,"Essex Property Trust, Inc.",ESS,US
99,"Essex Property Trust, Inc.",ESS.PRH,US
100,Estee Lauder Companies Inc.,EL,US
101,Esterline Technologies Corporation,ESL,US
102,Ethan Allen Interiors Inc.,ETH,US
103,"The European Equity Fund, Inc.",EEA,US
104,Everbank Financial Corp.,EVER,US
105,EverBank Financial Corp.,EVER.PRA,US
106,Evercore Partners Inc.,EVR,US
107,Everest Re Group Ltd.,RE,US
108,"Evertec, Inc.",EVTC,US
109,"Everyday Health, Inc.",EVDY,US
110,Evogene Ltd.,EVGN,US
111,"ExamWorks Group, Inc.",EXAM,US
112,Exar Corporation,EXAR,US
113,"Excel Trust, Inc.",EXL,US
114,"Excel Trust, Inc.",EXL.PRB,US
115,"EXCO Resources, Inc.",XCO,US
116,Exelis Inc.,XLS,US
117,Exelon Corporation,EXC,US
118,Exelon Corporation,EXCU,US
119,"Express, Inc.",EXPR,US
120,"Extended Stay America, Inc.",STAY,US
121,"Exterran Holdings, Inc.",EXH,US
122,"Extra Space Storage, Inc.",EXR,US
123,Exxon Mobil Corporation,XOM,US
0,Fabrinet,FN,Thailand
1,FactSet Research Systems Inc.,FDS,US
2,Fair Isaac Corporation,FICO,US
3,Family Dollar Stores Inc.,FDO,US
4,"Farfetch, Ltd.",FTCH,Portugal
5,FBL Financial Group Inc.,FFG,US
6,Federal Agricultural Mortgage Corporation,AGM,US
7,Federal Agricultural Mortgage Corporation,AGM.A,US
8,Federal Agricultural Mortgage Corporation,AGM.PRA,US
9,Federal Agricultural Mortgage Corporation,AGM.PRB,US
10,Federal Agricultural Mortgage Corporation,AGM.PRC,US
11,Federal Realty Investment Trust,FRT,US
12,Federal Signal Corporation,FSS,US
13,Federated Enhanced Treasury Income Fund,FTT,US
14,Federated Investors Inc.,FII,US
15,Federated Premier Intermediate Municipal Income Fund,FPT,US
16,Federated Premier Municipal Income Fund,FMN,US
17,FedEx Corporation,FDX,US
18,FelCor Lodging Trust,FCH,US
19,FelCor Lodging Trust Inc.,FCH.PRA,US
20,FelCor Lodging Trust Inc.,FCH.PRC,US
21,Ferrellgas Partners L.P,FGP,US
22,Ferro Corporation,FOE,US
23,Fibria Celulose S.A.,FBR,Brazil
24,Fidelity & Guaranty Life,FGL,US
25,Fidelity National Financial Inc.,FNF,US
26,"Fidelity National Information Services, Inc.",FIS,US
27,Fiduciary/Claymore MLP Opportunity Fund,FMO,US
28,Fifth Street Finance Corp.,FSCE,US
29,First Acceptance Corporation,FAC,US
30,First American Financial Corporation,FAF,US
31,First BanCorp,FBP,Puerto Rico
32,First Commonwealth Financial Corporation,FCF,US
33,First Horizon National Corporation,FHN,US
34,First Horizon National Corporation,FHN.PRA,US
35,"First Industrial Realty Trust, Inc.",FR,US
36,First Majestic Silver Corp.,AG,US
37,The First Marblehead Corporation,FMD,US
38,"First Niagara Financial Group, Inc.",FNFG.PRB,US
39,First Preferred Capital Trust IV,FBS.PRA,US
40,First Republic Bank,FRC,US
41,First Republic Bank,FRC.PRA,US
42,First Republic Bank,FRC.PRB,US
43,First Republic Bank,FRC.PRC,US
44,First Republic Bank,FRC.PRD,US
45,First Republic Bank,FRC.PRE,US
46,First Trust Dividend and Income Fund,FAV,US
47,First Trust Energy Infrastructure Fund,FIF,US
48,First Trust Enhanced Equity Income Fund,FFA,US
49,First Trust High Income Long/Short Fund,FSD,US
50,First Trust Intermediate Duration Preferred & Income Fund,FPF,US
51,First Trust MLP and Energy Income Fund,FEI,US
52,First Trust Mortgage Income Fund,FMY,US
53,First Trust New Opportunities MLP & Energy Fund,FPL,US
54,First Trust Senior Floating Rate Income Fund II,FCT,US
55,First Trust Strategic High Income Fund II,FHY,US
56,First Trust/Aberdeen Emerging Opportunity Fund,FEO,US
57,First Trust/Aberdeen Global Opportunity Income Fund,FAM,US
58,First Trust/Gallatin Specialty Finance and Financial Opportunities Fund,FGB,US
59,FirstEnergy Corp,FE,US
60,FirstMerit Corporation,FMER.PRA,US
61,Five Oaks Investment Corp.,OAKS,US
62,Five Oaks Investment Corp.,OAKS.PRA,US
63,"Five Star Quality Care, Inc.",FVE,US
64,"Fixed Income Trust For Goldman Sachs Subordinated Notes, Series 2011-1",TFG,US
65,"Flagstar Bancorp, Inc.",FBC,US
66,Flaherty & Crumrine Dynamic Preferred and Income Fund Incorporated,DFP,US
67,Flaherty & Crumrine Preferred Income Fund Incorporated,PFD,US
68,Flaherty & Crumrine Preferred Income Opportunity Fund Incorporated,PFO,US
69,Flaherty & Crumrine Preferred Securities Income Fund Incorporated,FFC,US
70,Flaherty & Crumrine Total Return Fund Incorporated,FLC,US
71,"Fleetcor Technologies, Inc.",FLT,US
72,Fleetmatics Group PLC,FLTX,US
73,"Flotek Industries, Inc.",FTK,US
74,"Flowers Foods, Inc.",FLO,US
75,Flowserve Corporation,FLS,US
76,Fluor Corporation,FLR,US
77,Fly Leasing Limited,FLY,Ireland
78,FMC Corporation,FMC,US
79,"FMC Technologies, Inc.",FTI,US
80,F.N.B. Corporation,FNB,US
81,F.N.B. Corporation,FNB.PRE,US
82,"Fomento Economico Mexicano, S.A.B. De C.V.",FMX,Mexico
83,"Foot Locker, Inc.",FL,US
84,Ford Motor Company,F,US
85,Foresight Energy Partners LP,FELP,US
86,"Forest City Enterprises, Inc.",FCE.A,US
87,"Forest City Enterprises, Inc.",FCE.B,US
88,Forest Oil Corporation,FST,US
89,Forestar Group Inc.,FOR,US
90,"Fort Dearborn Income Securities, Inc.",FDI,US
91,Fortegra Financial Corporation,FRF,US
92,Fortress Investment Group LLC,FIG,US
93,Fortuna Silver Mines Inc.,FSM,US
94,"Fortune Brands Home & Security, Inc.",FBHS,US
95,"Forum Energy Technologies, Inc.",FET,US
96,Franco-Nevada Corporation,FNV,US
97,Franklin Covey Company,FC,US
98,Franklin Resources Inc.,BEN,US
99,Franklin Universal Trust,FT,US
100,Frank's International N.V.,FI,US
101,Freeport-McMoRan Inc.,FCX,US
102,"Freescale Semiconductor, Ltd.",FSL,US
103,Fresenius Medical Care AG & Co. KGAA,FMS,Germany
104,Fresh Del Monte Produce Inc.,FDP,Cayman Islands
105,Frontline Ltd.,FRO,Bermuda
106,FS KKR Capital Corp.,FSK,US
107,"FTI Consulting, Inc.",FCN,US
108,Furmanite Corporation,FRM,US
109,"Fusion-io, Inc.",FIO,US
110,FutureFuel Corp.,FF,US
111,FXCM Inc.,FXCM,US
0,"The Gabelli Convertible and Income Securities Fund, Inc.",GCV,US
1,"The Gabelli Convertible and Income Securities Fund, Inc.",GCV.PRB,US
2,The Gabelli Dividend & Income Trust,GDV,US
3,The Gabelli Dividend & Income Trust,GDV.PRA,US
4,The Gabelli Dividend & Income Trust,GDV.PRD,US
5,The Gabelli Equity Trust Inc.,GAB,US
6,The Gabelli Equity Trust Inc.,GAB.PRD,US
7,The Gabelli Equity Trust Inc.,GAB.PRG,US
8,The Gabelli Equity Trust Inc.,GAB.PRH,US
9,The Gabelli Global Small and Mid Cap Value Trust,GGZ,US
10,The Gabelli Healthcare & Wellness Rx Trust,GRX,US
11,The Gabelli Healthcare & Wellness Rx Trust,GRX.PRA,US
12,The Gabelli Multimedia Trust Inc.,GGT,US
13,The Gabelli Multimedia Trust Inc.,GGT.PRB,US
14,The Gabelli Utility Trust,GUT,US
15,The Gabelli Utility Trust,GUT.PRA,US
16,Gafisa S.A.,GFA,Brazil
17,"GAIN Capital Holdings, Inc.",GCAP,US
18,"Gamco Investors, Inc.",GBL,US
19,"GAMCO Natural Resources, Gold & Income Trust",GNT,US
20,GameStop Corp.,GME,US
21,"Gannett Co., Inc.",GCI,US
22,"The Gap, Inc.",GPS,US
23,Gartner Inc.,IT,US
24,GasLog Ltd.,GLOG,US
25,GasLog Partners LP,GLOP,Marshall Islands
26,Gatx Corporation,GMT,US
27,Gazit-Globe Ltd.,GZT,Israel
28,The GDL Fund,GDL,US
29,The GDL Fund,GDL.PRB,US
30,Gencorp Inc,GY,US
31,Generac Holdings Inc.,GNRC,US
32,"General American Investors Company, Inc.",GAM,US
33,"General American Investors Company, Inc.",GAM.PRB,US
34,General Cable Corporation,BGC,US
35,General Dynamics Corporation,GD,US
36,General Electric Company,GE,US
37,General Electric Capital Company,GEB,US
38,General Electric Capital Corporation,GEH,US
39,General Electric Capital Corporation,GEK,US
40,"General Mills, Inc.",GIS,US
41,General Motors Company,GM,US
42,General Motors Company,GM.WS.A,US
43,General Motors Company,GM.WS.B,US
44,General Motors Company,GM.WS.C,US
45,"General Steel Holdings, Inc.",GSI,China
46,Genesco Inc.,GCO,US
47,"Genesee & Wyoming, Inc.",GWR,US
48,"Genesee & Wyoming, Inc.",GWRU,US
49,"Genesis Energy, L.P.",GEL,US
50,Genie Energy Ltd.,GNE,US
51,Genie Energy Ltd.,GNE.PRA,US
52,Genpact Limited,G,India
53,Genuine Parts Company,GPC,US
54,"Genworth Financial, Inc.",GNW,US
55,"Geo Group, Inc.",GEO,US
56,GeoPark Limited,GPRK,US
57,Georgia Power Company,GPE.PRA,US
58,Gerdau S.A.,GGB,Brazil
59,Getty Realty Corp.,GTY,US
60,GFI Group Inc.,GFIG,US
61,Gigamon Inc.,GIMO,US
62,Gildan Activewear Inc.,GIL,Canada
63,Glatfelter,GLT,US
64,GlaxoSmithKline,GSK,United Kingdom
65,Glimcher Realty Trust,GRT,US
66,Glimcher Realty Trust,GRT.PRG,US
67,Glimcher Realty Trust,GRT.PRH,US
68,Glimcher Realty Trust,GRT.PRI,US
69,"Global Brass and Copper Holdings, Inc.",BRSS,US
70,Global Cash Access Holdings,GCA,US
71,"Global High Income Fund, Inc.",GHI,US
72,Global Partners LP,GLP,US
73,Global Payments Inc.,GPN,US
74,"Global Power Equipment Group, Inc.",GLPW,US
75,"Global Ship Lease, Inc",GSL,United Kingdom
76,"Globus Medical, Inc.",GMED,US
77,GMAC Capital Trust I,ALLY.PRA,US
78,"GNC Holdings, Inc.",GNC,US
79,GOL Linhas Aéreas Inteligentes S.A.,GOL,Brazil
80,Gold Fields Limited,GFI,South Africa
81,Goldcorp Inc.,GG,Canada
82,Goldman Sachs Group Inc.,GS,US
83,Goldman Sachs Group Inc.,GSF,US
84,Goldman Sachs Group Inc.,GSJ,US
85,Goldman Sachs Group Inc.,GS.PRA,US
86,Goldman Sachs Group Inc.,GS.PRB,US
87,Goldman Sachs Group Inc.,GS.PRC,US
88,Goldman Sachs Group Inc.,GS.PRD,US
89,Goldman Sachs Group Inc.,GS.PRI,US
90,Goldman Sachs Group Inc.,GS.PRJ,US
91,Goldman Sachs Group Inc.,GS.PRK,US
92,Goldman Sachs MLP Income Opportunities Fund,GMZ,US
93,Goodrich Petroleum Corporation,GDP,US
94,Goodrich Petroleum Corporation,GDP.PRC,US
95,Goodrich Petroleum Corporation,GDP.PRD,US
96,Government Properties Income Trust,GOV,US
97,The Governor and Company of the Bank of Ireland,IRE,Ireland
98,GP Strategies Corporation,GPX,US
99,Graco Inc.,GGG,US
100,"Graftech International, Ltd.",GTI,US
101,Graham Corporation,GHM,US
102,Graham Holdings Company,GHC,US
103,Gramercy Property Trust Inc.,GPT,US
104,Gramercy Property Trust Inc.,GPT.PRA,US
105,"Granite Construction, Inc.",GVA,US
106,Granite Real Estate Investment Trust,GRP.U,Canada
107,Graphic Packaging Holding Company,GPK,US
108,"Gray Television, Inc.",GTN,US
109,"Gray Television, Inc.",GTN.A,US
110,Graña y Montero S.A.A.,GRAM,US
111,Great Northern Iron Ore Properties,GNI,US
112,Great Plains Energy Inc.,GXP,US
113,Great Plains Energy Inc.,GXP.PRA,US
114,Great Plains Energy Inc.,GXP.PRD,US
115,Great Plains Energy Inc.,GXP.PRE,US
116,"Greatbatch, Inc.",GB,US
117,Green Dot Corporation,GDOT,US
118,"The Greenbrier Companies, Inc.",GBX,US
119,"Greenhill & Co., Inc.",GHL,US
120,"Greif, Inc.",GEF,US
121,"Greif, Inc.",GEF.B,US
122,Griffon Corporation,GFF,US
123,Group 1 Automotive Inc.,GPI,US
124,GrubHub Inc.,GRUB,US
125,"GRUMA, S.A.B. de C.V.",GMK,Mexico
126,"Grupo Aeroportuario del Pacifico, S.A.B de C.V.",PAC,Mexico
127,"Grupo Aeroportuario del Sureste, S.A.B. de C.V.",ASR,Mexico
128,"Grupo Financiero Santander Mexico, S.A.B. de C.V.",BSMX,Mexico
129,"Grupo Televisa, S.A.",TV,Mexico
130,"Guangshen Railway Co., Ltd.",GSH,China
131,"Guess?, Inc.",GES,US
132,Guggenheim Build America Bonds Managed Duration Trust,GBAB,US
133,Guggenheim Credit Allocation Fund,GGM,US
134,Guggenheim Enhanced Equity Income Fund,GPM,US
135,Guggenheim Enhanced Equity Strategy Fund,GGE,US
136,Guggenheim Equal Weight Enhanced Equity Income Fund,GEQ,US
137,Guggenheim Strategic Opportunities Fund Common Shares,GOF,US
138,"Guidewire Software, Inc.",GWRE,US
139,Gulf Power Company,GUA,US
140,"GulfMark Offshore, Inc.",GLF,US
0,H & Q Life Sciences Investors,HQL,US
1,H&Q Healthcare Investors,HQH,US
2,H&R Block Inc.,HRB,US
3,Haemonetics Corp,HAE,US
4,"Hagerty, Inc.",HGTY,US
5,Halcón Resources Corporation,HK,US
6,Halliburton Company,HAL,US
7,Hanesbrands Inc.,HBI,US
8,"Hanger, Inc.",HGR,US
9,Hannon Armstrong Sustainable Infrastructure Capital Inc,HASI,US
10,The Hanover Insurance Group,THG,US
11,The Hanover Insurance Group,THGA,US
12,Harbinger Group Inc.,HRG,US
13,"Harley-Davidson, Inc.",HOG,US
14,Harman International Ind. Inc.,HAR,US
15,Harmony Gold Mining Company Limited,HMY,South Africa
16,Harris Corporation,HRS,US
17,Harsco Corporation,HSC,US
18,Harte Hanks Inc.,HHS,US
19,Hartford Financial Services Group Inc.,HIG,US
20,Hartford Financial Services Group Inc.,HGH,US
21,Hartford Financial Services Group Inc.,HIG.WS,US
22,"Harvest Natural Resources, Inc.",HNR,US
23,Hatteras Financial Corp.,HTS,US
24,Hatteras Financial Corp.,HTS.PRA,US
25,Haverty Furniture Companies Inc.,HVT,US
26,Haverty Furniture Companies Inc.,HVT.A,US
27,Hawaiian Electric Industries Inc.,HE,US
28,H.B. Fuller Company,FUL,US
29,"HCA Holdings, Inc.",HCA,US
30,"HCC Insurance Holdings, Inc.",HCC,US
31,"HCI Group, Inc.",HCI,US
32,"HCI Group, Inc.",HCJ,US
33,"HCP, Inc.",HCP,US
34,HDFC Bank Limited,HDB,India
35,Headwaters Incorporated,HW,US
36,"Health Care REIT, Inc.",HCN,US
37,"Health Care REIT, Inc.",HCN.PRI,US
38,"Health Care REIT, Inc.",HCN.PRJ,US
39,"Health Net, Inc.",HNT,US
40,Healthcare Realty Trust Inc.,HR,US
41,"Healthcare Trust of America, Inc.",HTA,US
42,HealthSouth Corporation,HLS,US
43,"Heartland Payment Systems, Inc.",HPY,US
44,Hecla Mining Co.,HL,US
45,Hecla Mining Co.,HL.PRB,US
46,HECO Capital Trust III,HE.PRU,US
47,HEICO Corporation,HEI,US
48,HEICO Corporation,HEI.A,US
49,"Helios Advantage Income Fund, Inc.",HAV,US
50,"Helios High Income Fund, Inc.",HIH,US
51,"Helios Multi-Sector High Income Fund, Inc.",HMH,US
52,"Helios Strategic Income Fund, Inc.",HSA,US
53,"Helix Energy Solutions Group, Inc.",HLX,US
54,Helmerich & Payne Inc.,HP,US
55,Herbalife Ltd.,HLF,Cayman Islands
56,"Hercules Technology Growth Capital, Inc.",HTGC,US
57,"Hercules Technology Growth Capital, Inc.",HTGX,US
58,"Hercules Technology Growth Capital, Inc.",HTGY,US
59,"Hercules Technology Growth Capital, Inc.",HTGZ,US
60,"Heritage Insurance Holdings, LLC",HRTG,US
61,Hersha Hospitality Trust,HT,US
62,Hersha Hospitality Trust,HT.PRB,US
63,Hersha Hospitality Trust,HT.PRC,US
64,The Hershey Company,HSY,US
65,"Hertz Global Holdings, Inc.",HTZ,US
66,Hess Corporation,HES,US
67,Hewlett Packard Co.,HPQ,US
68,Hexcel Corporation,HXL,US
69,Hi-Crush Partners LP,HCLP,US
70,High Income Opportunities Fund,IVH,US
71,"Higher One Holdings, Inc.",ONE,US
72,Highwoods Properties Inc.,HIW,US
73,"Hill International, Inc.",HIL,US
74,Hillrom,HRC,US
75,"Hillenbrand, Inc.",HI,US
76,Hillshire Brands Company,HSH,US
77,Hilltop Holdings Inc.,HTH,US
78,Hilton Worldwide Holdings Inc.,HLT,US
79,HNI Corporation,HNI,US
80,"Holly Energy Partners, L.P.",HEP,US
81,HollyFrontier Corporation,HFC,US
82,"Home Depot, Inc.",HD,US
83,"Honda Motor Co., Ltd.",HMC,Japan
84,"Honeywell International, Inc.",HON,US
85,Horace Mann Educators Corporation,HMN,US
86,Horizon Technology Finance Corporation,HTF,US
87,Hormel Foods Corporation,HRL,US
88,"Hornbeck Offshore Services, Inc.",HOS,US
89,"Hospira, Inc.",HSP,US
90,Hospitality Properties Trust,HPT,US
91,Hospitality Properties Trust,HPT.PRD,US
92,"Host Hotels & Resorts, Inc.",HST,US
93,"Hovnanian Enterprises, Inc.",HOV,US
94,The Howard Hughes Corporation,HHC,US
95,HSBC Finance Corporation,HSFC.PRB,US
96,HSBC Holdings plc,HSBC,United Kingdom
97,HSBC Holdings plc,HSBC.PRA,United Kingdom
98,HSBC Holdings plc,HSEA,United Kingdom
99,HSBC Holdings plc,HSEB,United Kingdom
100,"HSBC USA, Inc.",HUSI.PRD,US
101,"HSBC USA, Inc.",HUSI.PRF,US
102,"HSBC USA, Inc.",HUSI.PRG,US
103,"HSBC USA, Inc.",HUSI.PRH,US
104,"HSBC USA, Inc.",HUSI.PRZ,United Kingdom
105,"Huaneng Power International, Inc.",HNP,China
106,Hubbell Inc.,HUB.A,US
107,Hubbell Inc.,HUB.B,US
108,HudBay Minerals Inc.,HBM,Canada
109,"Hudson Pacific Properties, Inc.",HPP,US
110,"Hudson Pacific Properties, Inc.",HPP.PRB,US
111,Hudson Valley Holding Corp.,HVB,US
112,Hugoton Royalty Trust,HGT,US
113,Humana Inc.,HUM,US
114,"Huntington Ingalls Industries, Inc.",HII,US
115,Huntsman Corporation,HUN,US
116,Hyatt Hotels Corporation,H,US
117,Hyperdynamics Corporation,HDY,US
118,"Hyster-Yale Materials Handling, Inc.",HY,US
0,Iamgold Corporation,IAG,Canada
1,ICICI Bank Ltd.,IBN,India
2,Idacorp Inc.,IDA,US
3,IDEX Corporation,IEX,US
4,IDT Corporation,IDT,US
5,IFM Investments Limited,CTC,China
6,IHS Inc.,IHS,US
7,Illinois Tool Works Inc.,ITW,US
8,Imation Corporation,IMN,US
9,IMAX Corporation,IMAX,Canada
10,"Imperial Holdings, Inc.",IFT,US
11,"Imperva, Inc.",IMPV,US
12,Independence Holding Company,IHC,US
13,"India Fund, Inc.",IFN,US
14,"Industrias Bachoco, S.A.B. de C.V.",IBA,Mexico
15,Infoblox Inc.,BLOX,US
16,Infosys Limited,INFY,US
17,ING Groep N.V.,ING,Netherlands
18,ING Groep N.V.,IDG,Netherlands
19,ING Groep N.V.,IND,Netherlands
20,ING Groep N.V.,INZ,Netherlands
21,ING Groep N.V.,ISF,Netherlands
22,ING Groep N.V.,ISG,Netherlands
23,ING Groep N.V.,ISP,Netherlands
24,Ingersoll-Rand plc,IR,US
25,Ingram Micro Inc.,IM,US
26,Ingredion Incorporated,INGR,US
27,Inland Real Estate Corporation,IRC,US
28,Inland Real Estate Corporation,IRC.PRA,US
29,Inphi Corporation,IPHI,US
30,"Insperity, Inc.",NSP,US
31,"Installed Building Products, Inc.",IBP,US
32,"Integrys Energy Group, Inc.",IEH,US
33,"Integrys Energy Group, Inc.",TEG,US
34,Intelsat S.A.,I,US
35,Intelsat S.A.,I.PRA,US
36,"Intercontinental Exchange, Inc.",ICE,US
37,InterContinental Hotels Group PLC,IHG,United Kingdom
38,International Business Machines Corporation,IBM,US
39,International Flavors & Fragrances Inc.,IFF,US
40,International Game Technology,IGT,US
41,International Paper Co.,IP,US
42,International Rectifier Corporation,IRF,US
43,International Shipholding Corporation,ISH,US
44,International Shipholding Corporation,ISH.PRA,US
45,International Shipholding Corporation,ISH.PRB,US
46,InterOil Corporation,IOC,Papua New Guinea
47,The Interpublic Group of Companies Inc.,IPG,US
48,Interstate Power and Light Company,IPL.PRD,US
49,InterXion Holding N.V.,INXN,US
50,"IntraLinks Holdings, Inc.",IL,US
51,"Intrawest Resorts Holdings, Inc.",SNOW,US
52,"Intrepid Potash, Inc.",IPI,US
53,Intrexon Corporation,XON,US
54,Invacare Corporation,IVC,US
55,"InvenSense, Inc.",INVN,US
56,Invesco Ltd.,IVZ,Bermuda
57,Invesco Bond Fund,VBF,US
58,Invesco California Value Municipal Income Trust,VCV,US
59,Invesco Credit Dynamic Opportunities Fund,VTA,US
60,Invesco High Income Trust II,VLT,US
61,Invesco Mortgage Capital Inc.,IVR,US
62,Invesco Mortgage Capital Inc.,IVR.PRA,US
63,Invesco Municipal Income Opportunities Trust,OIA,US
64,Invesco Municipal Opportunity Trust,VMO,US
65,Invesco Municipal Trust,VKQ,US
66,Invesco Pennsylvania Value Municipal Income Trust,VPV,US
67,Invesco Quality Municipal Income Trust,IQI,US
68,Invesco Senior Income Trust,VVR,US
69,Invesco Trust for Investment Grade Municipals,VGM,US
70,Invesco Trust For Investment Grade New York Municipals,VTN,US
71,Invesco Value Municipal Income Trust,IIM,US
72,Investment Technology Group Inc.,ITG,US
73,Investors Real Estate Trust,IRET,US
74,Investors Real Estate Trust,IRET.PR,US
75,Investors Real Estate Trust,IRET.PRB,US
76,Invitae Corp.,NVTA,US
77,Ion Geophysical Corporation,IO,US
78,Iron Mountain Inc.,IRM,US
79,IRSA Inversiones Y Representaciones S.A.,IRS,Argentina
80,iSoftStone Holdings Limited,ISS,US
81,iStar Financial Inc.,STAR,US
82,iStar Financial Inc.,STAR.PRD,US
83,iStar Financial Inc.,STAR.PRE,US
84,iStar Financial Inc.,STAR.PRF,US
85,iStar Financial Inc.,STAR.PRG,US
86,iStar Financial Inc.,STAR.PRI,US
87,Itau Unibanco Holding S.A.,ITUB,Brazil
88,ITC Holdings Corp.,ITC,US
89,ITT Corporation,ITT,US
90,ITT Educational Services Inc.,ESI,US
0,J. M. Smucker Company,SJM,US
1,Jabil Circuit Inc.,JBL,US
2,Jacobs Engineering Group Inc.,JEC,US
3,James Hardie Industries plc,JHX,Australia
4,Janus Capital Group Inc.,JNS,US
5,"Japan Smaller Capitalization Fund, Inc.",JOF,US
6,Jarden Corporation,JAH,US
7,Javelin Mortgage Investment Corp.,JMI,US
8,J.C. Penney Company Inc.,JCP,US
9,JGWPT Holdings Inc.,JGW,US
10,"JinkoSolar Holding Co., Ltd.",JKS,Cayman Islands
11,JMP Group Inc.,JMP,US
12,JMP Group Inc.,JMPB,US
13,JMP Group Inc.,JMPC,US
14,John Bean Technologies Corporation,JBT,US
15,John Hancock Financial Opportunities Fund,BTO,US
16,John Hancock Hedged Equity & Income Fund,HEQ,US
17,John Hancock Income Securities Trust,JHS,US
18,John Hancock Investors Trust,JHI,US
19,John Hancock Preferred Income Fund II,HPF,US
20,John Hancock Preferred Income Fund,HPI,US
21,John Hancock Preferred Income Fund III,HPS,US
22,John Hancock Premium Dividend Fund,PDT,US
23,John Hancock Tax- Advantaged Dividend Income,HTD,US
24,John Hancock Tax-Advantaged Global Shareholder Yield Fund,HTY,US
25,"John Wiley & Sons, Inc.",JW.A,US
26,Johnson & Johnson,JNJ,US
27,"Johnson Controls, Inc.",JCI,US
28,"Jones Energy, Inc.",JONE,US
29,Jones Lang Lasalle Inc.,JLL,US
30,"Journal Communications, Inc.",JRN,US
31,JPMorgan Chase & Co.,JPM,US
32,JPMorgan Chase & Co.,JPM.PRA,US
33,JPMorgan Chase & Co.,JPM.PRB,US
34,JPMorgan Chase & Co.,JPM.PRD,US
35,JPMorgan Chase & Co.,JPM.PRE,US
36,JPMorgan Chase & Co.,JPM.WS,US
37,JPMorgan Chase Capital XXIX,JPM.PRC,US
38,"JPMorgan China Region Fund, Inc.",JFC,US
39,Jumei International Holding Limited,JMEI,China
40,Juniper Networks,JNPR,US
41,Just Energy Group Inc.,JE,US
0,Kadant Inc.,KAI,US
1,Kaman Corporation,KAMN,US
2,Kansas City Southern,KSU,US
3,Kansas City Southn Inds Inc,KSU.PR,US
4,KapStone Paper and Packaging Corporation,KS,US
5,KAR Auction Services,KAR,US
6,Kate Spade & Company,KATE,US
7,Kayne Anderson Energy Development Company,KED,US
8,"Kayne Anderson Energy Total Return Fund, Inc.",KYE,US
9,"Kayne Anderson Midstream/Energy Fund, Inc.",KMF,US
10,Kayne Anderson MLP Investment Company,KYN,US
11,Kayne Anderson MLP Investment Company,KYN.PRE,US
12,Kayne Anderson MLP Investment Company,KYN.PRF,US
13,Kayne Anderson MLP Investment Company,KYN.PRG,US
14,KB Financial Group Inc.,KB,South Korea
15,KB Home,KBH,US
16,"KBR, Inc.",KBR,US
17,"KCAP Financial, Inc.",KAP,US
18,"KCG Holdings, Inc.",KCG,US
19,Kellogg Company,K,US
20,KEMET Corporation,KEM,US
21,Kemper Corporation,KMPA,US
22,Kemper Corporation,KMPR,US
23,Kennametal Inc.,KMT,US
24,"Kennedy-Wilson Holdings, Inc.",KW,US
25,"Kennedy-Wilson Holdings, Inc.",KWN,US
26,"Key Energy Services, Inc.",KEG,US
27,KeyCorp,KEY,US
28,KeyCorp,KEY.PRG,US
29,Kilroy Realty Corporation,KRC,US
30,Kilroy Realty Corporation,KRC.PRG,US
31,Kilroy Realty Corporation,KRC.PRH,US
32,Kimberly-Clark Corporation,KMB,US
33,Kimco Realty Corporation,KIM,US
34,Kimco Realty Corporation,KIM.PRH,US
35,Kimco Realty Corporation,KIM.PRI,US
36,Kimco Realty Corporation,KIM.PRJ,US
37,Kimco Realty Corporation,KIM.PRK,US
38,"Kinder Morgan, Inc.",KMI,US
39,"Kinder Morgan, Inc.",KMI.WS,US
40,Kinder Morgan Energy Partners L.P,KMP,US
41,"Kinder Morgan Management, LLC",KMR,US
42,"Kindred Healthcare, Inc.",KND,US
43,King,KING,Ireland
44,Kingsway Financial Services Inc.,KFS,Canada
45,Kinross Gold Corporation,KGC,Canada
46,Kirby Corporation,KEX,US
47,Kite Realty Group Trust,KRG,US
48,Kite Realty Group Trust,KRG.PRA,US
49,KKR & Co. L.P.,KKR,US
50,KKR Financial Holdings LLC,KFH,US
51,KKR Financial Holdings LLC,KFI,US
52,KKR Financial Holdings LLC,KFN.PR,US
53,KKR Income Opportunities Fund,KIO,US
54,"KMG Chemicals, Inc.",KMG,US
55,"Knight Transportation, Inc.",KNX,US
56,"Knoll, Inc.",KNL,US
57,KNOT Offshore Partners LP,KNOP,US
58,Knowles Corporation,KN,US
59,Kohls Corporation,KSS,US
60,Konami Corporation,KNM,Japan
61,Koninklijke Philips N.V.,PHG,Netherlands
62,Koppers Holdings Inc.,KOP,US
63,Korea Electric Power Corporation,KEP,South Korea
64,"Korea Equity Fund, Inc.",KEF,US
65,"The Korea Fund, Inc.",KF,US
66,Korn Ferry International,KFY,US
67,Kosmos Energy Ltd.,KOS,US
68,"Kraton Performance Polymers, Inc.",KRA,US
69,"Krispy Kreme Doughnuts, Inc.",KKD,US
70,Kroger Co.,KR,US
71,"KRONOS Worldwide, Inc.",KRO,US
72,KT Corporation,KT,South Korea
73,Kyocera Corporation,KYO,Japan
0,L-3 Communications,LLL,US
1,L Brands,LB,US
2,La Quinta Inns & Suites,LQ,US
3,La-Z-Boy,LZB,US
4,LabCorp,LH,US
5,Laclede Group,LG,US
6,Ladder Capital Corp,LADR,US
7,"Landauer, Inc.",LDR,US
8,"Lannett Company, Inc",LCI,US
9,Laredo Petroleum,LPI,US
10,Las Vegas Sands,LVS,US
11,LaSalle Hotel Properties,LHO,US
12,LaSalle Hotel Properties,LHO.PRH,US
13,LaSalle Hotel Properties,LHO.PRI,US
14,LATAM Airlines Group,LFL,Chile
15,Lazard,LAZ,US
16,LeapFrog Enterprises,LF,US
17,Lear Corporation,LEA,US
18,Lee Enterprises,LEE,US
19,Leggett & Platt,LEG,US
20,Lehigh Gas Partners LP,LGP,US
21,Leidos,LDOS,US
22,Leju Holdings Limited,LEJU,China
23,Lennar,LEN & LEN.B,US
24,Lennox International,LII,US
25,Lentuo International Inc.,LAS,China
26,Leucadia National,LUK,US
27,Level 3 Communications,LVLT,US
28,Lexington Realty Trust,LXP,US
29,Lexmark,LXK,US
30,LG Display,LPL,South Korea
31,Life Time Fitness,LTM,US
32,LifeLock,LOCK,US
33,LIN Media,LIN,US
34,Lincoln National Corporation,LNC,US
35,Lindsay Manufacturing,LNN,US
36,Lions Gate Entertainment,LGF,Canada
37,Lithia Motors,LAD,US
38,Live Nation Entertainment,LYV,US
39,Lloyds Banking Group,LYG,United Kingdom
40,Lockheed Martin,LMT,US
41,Loews Corporation,L,US
42,Lorillard Tobacco Company,LO,US
43,Louisiana-Pacific,LPX,US
44,Lowe's,LOW,US
45,"LRR Energy, L.P.",LRE,US
46,"LSB Industries, Inc.",LXU,US
47,LTC Properties Inc.,LTC,US
48,Luby's,LUB,US
49,Lumber Liquidators,LL,US
50,Luxfer Holdings PLC,LXFR,United Kingdom
51,Luxottica,LUX,Italy
52,"Lydall, Inc.",LDL,US
53,LyondellBasell,LYB,US
0,M&T Bank Corporation,MTB,US
1,M&T Bank Corporation,MTB.PR,US
2,M&T Bank Corporation,MTB.PRC,US
3,M&T Bank Corporation,MTB.WS,US
4,"M/I Homes, Inc.",MHO,US
5,"M/I Homes, Inc.",MHO.PRA,US
6,Macerich Co.,MAC,US
7,Mack Cali Realty Corporation,CLI,US
8,Macquarie Global Infrastructure Total Return Fund Inc.,MGU,US
9,Macquarie Infrastructure Company LLC,MIC,US
10,Macquarie/First Trust Global Infrastructure/Utilities Dividend & Income Fund,MFD,US
11,Macy's Inc.,M,US
12,Madison Covered Call & Equity Strategy Fund,MCN,US
13,Madison Strategic Sector Premium Fund,MSP,US
14,"Magellan Midstream Partners, L.P.",MMP,US
15,Magna International Inc.,MGA,Canada
16,MagnaChip Semiconductor Corporation,MX,US
17,Magnum Hunter Resources Corporation,MHR,US
18,"Maiden Holdings, Ltd.",MH.PRA,Bermuda
19,"Maiden Holdings North America, Ltd.",MHNA,Bermuda
20,"Maiden Holdings North America, Ltd.",MHNB,US
21,"Maiden Holdings North America, Ltd.",MHNC,US
22,Main Street Capital Corporation,MAIN,US
23,Main Street Capital Corporation,MSCA,US
24,MainStay Defined Term Municipal Opportunities Fund,MMD,US
25,Mallinckrodt Public Limited Company,MNK,US
26,Managed Duration Investment Grade Municipal Fund,MZF,US
27,Managed High Yield Plus Fund Inc.,HYF,US
28,Manchester United plc,MANU,United Kingdom
29,"Manitowoc Company, Inc.",MTW,US
30,"Manning & Napier, Inc.",MN,US
31,ManpowerGroup,MAN,US
32,Manulife Financial Corporation,MFC,Canada
33,Marathon Oil Corporation,MRO,US
34,Marathon Petroleum Corporation,MPC,US
35,Marcus Corporation,MCS,US
36,"Marcus & Millichap, Inc.",MMI,US
37,Marin Software Incorporated,MRIN,US
38,Marine Harvest ASA,MHG,US
39,Marine Products Corporation,MPX,US
40,Marinemax Inc.,HZO,US
41,Markel Corporation,MKL,US
42,"MarkWest Energy Partners, L.P.",MWE,US
43,Marriott Vacations Worldwide Corporation,VAC,US
44,Marsh & McLennan Companies Inc.,MMC,US
45,"Martha Stewart Living Omnimedia, Inc.",MSO,US
46,Martin Marietta Materials Inc.,MLM,US
47,Masco Corporation,MAS,US
48,Masonite International Corporation,DOOR,US
49,"MasTec, Inc.",MTZ,US
50,MasterCard Incorporated,MA,US
51,Matador Resources Company,MTDR,US
52,Materion Corporation,MTRN,US
53,"Matson, Inc.",MATX,US
54,"Maui Land & Pineapple Company, Inc.",MLP,US
55,"Mavenir Systems, Inc.",MVNR,US
56,Maxcom Telecomunicaciones S.A.B. de C.V.,MXT,Mexico
57,"MAXIMUS, Inc.",MMS,US
58,"MaxLinear, Inc.",MXL,US
59,MBIA Inc.,MBI,US
60,The McClatchy Company,MNI,US
61,"McCormick & Company, Inc.",MKC,US
62,"McCormick & Company, Inc.",MKC.V,US
63,"McDermott International, Inc.",MDR,US
64,McDonald's Corporation,MCD,US
65,McEwen Mining Inc.,MUX,US
66,"McGraw Hill Financial, Inc.",MHFI,US
67,McKesson Corporation,MCK,US
68,"M.D.C. Holdings, Inc.",MDC,US
69,"MDU Resources Group, Inc.",MDU,US
70,Mead Johnson Nutrition Company,MJN,US
71,Meadowbrook Insurance Group Inc.,MIG,US
72,MeadWestvaco Corporation,MWV,US
73,Mechel OAO,MTL,Russia
74,Mechel OAO,MTL.PR,Russia
75,Media General,MEG,US
76,"Medical Properties Trust, Inc.",MPW,US
77,"Medifast, Inc.",MED,US
78,Medley Capital Corporation,MCC,US
79,Medley Capital Corporation,MCQ,US
80,Medley Capital Corporation,MCV,US
81,"Mednax, Inc.",MD,US
82,Medtronic Inc.,MDT,US
83,Men's Wearhouse Inc.,MW,US
84,Merck & Co Inc.,MRK,US
85,Mercury General Corporation,MCY,US
86,Meredith Corporation,MDP,US
87,Meritage Homes Corporation,MTH,US
88,"Meritor, Inc.",MTOR,US
89,Merrill Lynch Capital Trust I,MER.PRK,US
90,Merrill Lynch Capital Trust II,MER.PRM,US
91,Merrill Lynch Capital Trust III,MER.PRP,US
92,"Merrill Lynch Depositor, Inc.",PIY,US
93,"Merrill Lynch Depositor, Inc.",PJL,US
94,"Merrill Lynch Depositor, Inc.",PJS,US
95,"Merrill Lynch Depositor, Inc.",PYB,US
96,"Merrill Lynch Depositor, Inc.",PYS,US
97,"Merrill Lynch Depositor, Inc.",PYT,US
98,"Merrill Lynch Depositor, Inc.",PZB,US
99,Merrill Lynch Preferred Capital Trust III,MER.PRD,US
100,Merrill Lynch Preferred Capital Trust IV,MER.PRE,US
101,Merrill Lynch Preferred Capital Trust IV,MER.PRF,US
102,Mesa Royalty Trust,MTR,US
103,Mesabi Trust,MSB,US
104,"Methode Electronics, Inc.",MEI,US
105,"MetLife, Inc.",MET,US
106,"MetLife, Inc.",MET.PRA,US
107,"MetLife, Inc.",MET.PRB,US
108,"MetLife, Inc.",MLU,US
109,Mettler Toledo International Inc.,MTD,Switzerland
110,"The Mexico Equity And Income Fund, Inc.",MXE,US
111,"The Mexico Fund, Inc.",MXF,Mexico
112,"MFA Financial, Inc.",MFA,US
113,"MFA Financial, Inc.",MFA.PRB,US
114,"MFA Financial, Inc.",MFO,US
115,MFC Industrial Ltd.,MIL,Canada
116,MFS Charter Income Trust,MCR,US
117,MFS Government Markets Income Trust,MGF,US
118,MFS High Income Municipal Trust,CXE,US
119,MFS High Yield Municipal Trust,CMU,US
120,MFS Intermarket Income Trust I,CMK,US
121,MFS Intermediate High Income Fund,CIF,US
122,MFS Intermediate Income Trust,MIN,US
123,MFS Investment Grade Municipal Trust,CXH,US
124,MFS Multimarket Income Trust,MMT,US
125,MFS Municipal Income Trust,MFM,US
126,MFS Special Value Trust,MFV,US
127,MGIC Investment Corporation,MTG,US
128,MGM Resorts International,MGM,US
129,Michael Kors Holdings Limited,KORS,US
130,Mid America Apartment Communities Inc.,MAA,US
131,"Midcoast Energy Partners, L.P.",MEP,US
132,"Midstates Petroleum Company, Inc.",MPO,US
133,"Millennial Media, Inc.",MM,US
134,"Miller Energy Resources, Inc.",MILL,US
135,"Miller Energy Resources, Inc.",MILL.PRC,US
136,"Miller Energy Resources, Inc.",MILL.PRD,US
137,Miller Industries Inc.,MLR,US
138,Mindray Medical International Limited,MR,China
139,Minerals Technologies Inc.,MTX,US
140,Mississippi Power Company,MP.PRD,US
141,"MISTRAS Group, Inc.",MG,US
142,MiX Telematics Limited,MIXT,South Africa
143,"Mizuho Financial Group, Inc.",MFG,Japan
144,Mobile TeleSystems,MBT,Russia
145,"Model N, Inc.",MODN,US
146,Modine Manufacturing Company,MOD,US
147,Moelis & Company,MC,US
148,Mohawk Industries Inc.,MHK,US
149,"Molina Healthcare, Inc.",MOH,US
150,Molson Coors Brewing Company,TAP,US
151,Molson Coors Brewing Company,TAP.A,US
152,"Molycorp, Inc.",MCP,US
153,Monmouth Real Estate Investment Corporation,MNR,US
154,Monmouth Real Estate Investment Corporation,MNR.PRA,US
155,Monmouth Real Estate Investment Corporation,MNR.PRB,US
156,Monsanto Company,MON,US
157,"Monster Worldwide, Inc.",MWW,US
158,"Montgomery Street Income Securities, Inc.",MTS,US
159,Montpelier Re Holdings Ltd.,MRH,Bermuda
160,Montpelier Re Holdings Ltd.,MRH.PRA,Bermuda
161,Moody's Corporation,MCO,US
162,Moog Inc.,MOG.A,US
163,Moog Inc.,MOG.B,US
164,Morgan Stanley,MS,US
165,Morgan Stanley,ICB,US
166,Morgan Stanley,MS.PRA,US
167,Morgan Stanley,MS.PRE,US
168,Morgan Stanley,MS.PRF,US
169,Morgan Stanley,MS.PRG,US
170,"Morgan Stanley Asia-Pacific Fund, Inc.",APF,US
171,Morgan Stanley Capital Trust III,MWR,US
172,Morgan Stanley Capital Trust IV,MWG,US
173,Morgan Stanley Capital Trust VIII,MSK,US
174,Morgan Stanley Capital Trust VII,MSZ,US
175,Morgan Stanley Capital Trust VI,MSJ,US
176,Morgan Stanley Capital Trust V,MWO,US
177,"Morgan Stanley China A Share Fund, Inc.",CAF,US
178,"Morgan Stanley Eastern European Fund, Inc.",RNE,US
179,"Morgan Stanley Emerging Markets Debt Fund, Inc.",MSD,US
180,"Morgan Stanley Emerging Markets Domestic Debt Fund, Inc.",EDD,US
181,"Morgan Stanley Emerging Markets Fund, Inc.",MSF,US
182,"Morgan Stanley India Investment Fund, Inc.",IIF,US
183,The Mosaic Company,MOS,US
184,"Motorola Solutions, Inc.",MSI,US
185,"Movado Group, Inc.",MOV,US
186,MPLX LP,MPLX,US
187,MRC Global Inc.,MRC,US
188,MS Structured Asset Corp.,HJV,US
189,MSA Safety Incorporated,MSA,US
190,Msc Industries Direct Co Inc.,MSM,US
191,"MSCI, Inc.",MSCI,US
192,"Mueller Industries, Inc.",MLI,US
193,"Mueller Water Products, Inc.",MWA,US
194,Murphy Oil Corporation,MUR,US
195,Murphy USA Inc.,MUSA,US
196,MV Oil Trust,MVO,US
197,"MVC Capital, Inc.",MVC,US
198,"MVC Capital, Inc.",MVCB,US
199,"Myers Industries, Inc.",MYE,US
0,Nabors Industries,NBR,United States
1,NACCO Industries,NC,United States
2,Nam Tai Property Inc.,NTP,Hong Kong
3,National Bank Holdings Corporation,NBHC,United States
4,National Bank of Greece,NBG,Greece
5,National Fuel Gas,NFG,United States
6,National Grid plc,NGG,United Kingdom
7,National Health Investors Inc.,NHI,United States
8,National Oilwell Varco,NOV,United States
9,National Presto Industries,NPK,United States
10,National Retail Properties,NNN,United States
11,Nationstar_Mortgage,NSM,United States
12,"Natural Gas Services Group, Inc.",NGS,United States
13,Vitamin Cottage Natural Grocers,NGVC,United States
14,Natural Resource Partners LP,NRP,United States
15,Natuzzi,NTZ,Italy
16,"Nautilus, Inc.",NLS,United States
17,Navigant Consulting,NCI,United States
18,Navigator Holdings Ltd.,NVGS,United States
19,Navios Maritime Acquisition Corporation,NNA,Greece
20,Navios Maritime Holdings,NM,Greece
21,Navistar International,NAV,United States
22,NCI Building Systems,NCS,United States
23,NCR Corporation,NCR,United States
24,"Neenah Paper, Inc.",NP,United States
25,Nelnet,NNI,United States
26,NeoPhotonics Corporation,NPTN,United States
27,NetSuite Inc.,N,United States
28,Neustar,NSR,United States
29,The New Home Company Inc.,NWHM,United States
30,New Jersey Resources,NJR,United States
31,New Media Investment Group Inc.,NEWM,United States
32,New Mountain Capital,NMFC,United States
33,New Oriental,EDU,China
34,New Residential Investment Corp,NRZ,United States
35,New Source Energy Partners L.P.,NSLP,United States
36,New York & Company,NWY,United States
37,New York Community Bank,NYCB,United States
38,The New York Times Company,NYT,United States
39,Newcastle Investment Corp.,NCT,United States
40,Newell Rubbermaid,NWL,United States
41,Ethyl Corporation,NEU,United States
42,Newmont Corporation,NEM,United States
43,Newpark Resources Inc.,NR,United States
44,NextEra Energy,NEE,United States
45,NextEra Energy Partners,NEP,United States
46,NGL Energy Partners LP,NGL,United States
47,Nidec,NJ,Japan
48,Nielsen N.V.,NLSN,Netherlands
49,"Nike, Inc.",NKE,United States
50,Nimble Storage,NMBL,United States
51,Nippon Telegraph and Telephone,NTT,Japan
52,Niska Gas Storage Partners,NKA,United States
53,NiSource,NI,United States
54,NL Industries,NL,United States
55,Noah Holdings Limited,NOAH,China
56,Nokia,NOK,Finland
57,Nomura Holdings,NMR,Japan
58,"Norcraft Companies, Inc.",NCFT,United States
59,Nord Anglia Education,NORD,United States
60,Nordic American Tankers Limited,NAT,Bermuda
61,Nordion,NDZ,Canada
62,Nordstrom,JWN,United States
63,Norfolk Southern Railway,NSC,United States
64,Nortel Inversora S A,NTL,Argentina
65,North American Energy Partners Inc.,NOA,Canada
66,North European Oil Royalty Trust,NRT,United States
67,Northeast Utilities,NU,United States
68,Northern Tier Energy LP,NTI,United States
69,Northrop Grumman,NOC,United States
70,NW Natural,NWN,United States
71,NorthWestern Corporation,NWE,United States
72,Novartis,NVS,Switzerland
73,Novo Nordisk,NVO,Denmark
74,NOW Inc.,DNOW,United States
75,NQ Mobile Inc.,NQ,China
76,NRG Energy,NRG,United States
77,"NRG Yield, Inc.",NYLD,United States
78,NTT DoCoMo,DCM,Japan
79,Nu Skin Enterprises,NUS,United States
80,Nucor,NUE,United States
81,NuStar Energy,NS,United States
82,"NuStar GP Holdings, LLC",NSH,United States
83,"NuStar Logistics, L.P.",NSS,United States
84,"Nuverra Environmental Solutions, Inc.",NES,United States
85,Nvidia Corporation,NVDA,United States
86,"NVR, Inc.",NVR,United States
0,"Oaktree Capital Group, LLC",OAK,US
1,Occidental Petroleum Corporation,OXY,US
2,Oceaneering International Inc.,OII,US
3,Och-Ziff Capital Management Group LLC,OZM,US
4,OCI Partners LP,OCIP,US
5,OCI Resources LP,OCIR,US
6,Ocwen Financial Corporation,OCN,US
7,Office Depot Inc.,ODP,US
8,OFG Bancorp,OFG,US
9,OFG Bancorp,OFG.PRA,Puerto Rico
10,OFG Bancorp,OFG.PRB,Puerto Rico
11,OFG Bancorp,OFG.PRD,Puerto Rico
12,OGE Energy Corp.,OGE,US
13,Oi S.A.,OIBR,Brazil
14,Oi S.A.,OIBR.C,Brazil
15,Oil Dri Corporation of America,ODC,US
16,"Oil States International, Inc",OIS,US
17,"Oiltanking Partners, L.P.",OILT,US
18,Old Republic International Corporation,ORI,US
19,Olin Corporation,OLN,US
20,"OM Group, Inc.",OMG,US
21,"Omega Healthcare Investors, Inc",OHI,US
22,Omega Protein Corporation,OME,US
23,Omnicare Inc.,OCR,US
24,Omnicare Capital Trust I,OCR.PRA,US
25,Omnicare Capital Trust II,OCR.PRB,US
26,Omnicom Group Inc.,OMC,US
27,OMNOVA Solutions Inc.,OMN,US
28,"On Assignment, Inc.",ASGN,US
29,"ONE Gas, Inc.",OGS,US
30,"One Liberty Properties, Inc.",OLP,US
31,"OneBeacon Insurance Group, LTD",OB,US
32,"ONEOK, Inc.",OKE,US
33,"Oneok Partners, L.P.",OKS,US
34,"OPKO Health, Inc.",OPK,US
35,Oppenheimer Holdings Inc.,OPY,US
36,Oracle Corporation,ORCL,US
37,Orange S.A.,ORAN,France
38,Orbital Sciences Corporation,ORB,US
39,Orient Express Hotels Ltd.,BEL,US
40,Orion Engineered Carbons S.A.,OEC,Luxembourg
41,"Orion Marine Group, Inc.",ORN,US
42,Orix Corporation,IX,Japan
43,"Ormat Technologies, Inc.",ORA,US
44,Oshkosh Corporation,OSK,US
45,Owens & Minor Inc.,OMI,US
46,Owens Corning,OC,US
47,Owens Illinois Inc.,OI,US
48,Oxford Industries Inc.,OXM,US
49,"Oxford Resource Partners, LP",OXF,US
0,Pacific Coast Oil Trust,ROYT,US
1,Pacific Drilling S.A.,PACD,US
2,Packaging Corporation Of America,PKG,US
3,Pall Corporation,PLL,US
4,"Palo Alto Networks, Inc.",PANW,US
5,Pampa Energía S.A.,PAM,Argentina
6,"Pandora Media, Inc.",P,US
7,Panhandle Oil and Gas Inc,PHX,US
8,PAR Technology Corporation,PAR,US
9,Park Electrochemical Corporation,PKE,US
10,Parker Drilling Company,PKD,US
11,Parker Hannifin Corporation,PH,US
12,"Parsley Energy, Inc.",PE,US
13,PartnerRe Ltd.,PRE,Bermuda
14,PartnerRe Ltd.,PRE.PRD,Bermuda
15,PartnerRe Ltd.,PRE.PRE,Bermuda
16,PartnerRe Ltd.,PRE.PRF,Bermuda
17,"Paycom Software, Inc.",PAYC,US
18,PBF Energy Inc.,PBF,US
19,PBF Logistics LP,PBFX,US
20,"PCM Fund, Inc.",PCM,US
21,Peabody Energy Corporation,BTU,US
22,Pearson plc,PSO,United Kingdom
23,Pebblebrook Hotel Trust,PEB,US
24,Pebblebrook Hotel Trust,PEB.PRA,US
25,Pebblebrook Hotel Trust,PEB.PRB,US
26,Pebblebrook Hotel Trust,PEB.PRC,US
27,Pembina Pipeline Corporation,PBA,Canada
28,Pengrowth Energy Corporation,PGH,Canada
29,Penn Virginia Corporation,PVA,US
30,Penn West Petroleum Ltd.,PWE,Canada
31,PennantPark Investment Corporation,PNTA,US
32,Pennsylvania Real Estate Investment Trust,PEI,US
33,Pennsylvania Real Estate Investment Trust,PEI.PRA,US
34,Pennsylvania Real Estate Investment Trust,PEI.PRB,US
35,"PennyMac Financial Services, Inc.",PFSI,US
36,PennyMac Mortgage Investment Trust,PMT,US
37,"Penske Automotive Group, Inc.",PAG,US
38,"Pentair, Ltd.",PNR,Ireland
39,Pep Boys Manny Moe & Jack,PBY,US
40,"Pepco Holdings, Inc.",POM,US
41,PepsiCo Inc.,PEP,US
42,Performance Sports Group Ltd.,PSG,US
43,"PerkinElmer, Inc.",PKI,US
44,Permian Basin Royalty Trust,PBT,US
45,Perrigo Company PLC,PRGO,US
46,Petrobras - Petroleo Brasileiro S.A.,PBR,Brazil
47,Petrobras - Petróleo Brasileiro S.A.,PBR.A,Brazil
48,Petrobras Argentina S.A.,PZE,Argentina
49,PetroChina Company Limited,PTR,China
50,Petroleum & Resources Corporation,PEO,US
51,"Petroquest Energy, Inc.",PQ,US
52,Pfizer Inc.,PFE,US
53,PG&E Corporation,PCG,US
54,PharMerica Corporation,PMC,US
55,PHH Corporation,PHH,US
56,Philip Morris International Inc.,PM,US
57,Philippine Long Distance Telephone Co.,PHI,Philippines
58,Phillips 66,PSX,US
59,Phillips 66 Partners LP,PSXP,US
60,"The Phoenix Companies, Inc.",PNX,US
61,"The Phoenix Companies, Inc.",PFX,US
62,Phoenix New Media Limited,FENG,China
63,Physicians Realty Trust,DOC,US
64,Piedmont Natural Gas Co Inc.,PNY,US
65,Piedmont Office Realty Trust,PDM,US
66,Pier 1 Imports Inc.,PIR,US
67,Pike Corporation,PIKE,US
68,PIMCO California Municipal Income Fund II,PCK,US
69,PIMCO California Municipal Income Fund,PCQ,US
70,PIMCO California Municipal Income Fund III,PZC,US
71,PIMCO Corporate & Income Opportunity Fund,PTY,US
72,PIMCO Corporate & Income Strategy Fund,PCN,US
73,PIMCO Dynamic Credit Income Fund,PCI,US
74,PIMCO Dynamic Income Fund,PDI,US
75,PIMCO Global StocksPLUS & Income Fund,PGP,US
76,PIMCO High Income Fund,PHK,US
77,Pimco Income Opportunity Fund,PKO,US
78,PIMCO Income Strategy Fund,PFL,US
79,PIMCO Income Strategy Fund II,PFN,US
80,PIMCO Municipal Income Fund,PMF,US
81,PIMCO Municipal Income Fund II,PML,US
82,PIMCO Municipal Income Fund III,PMX,US
83,PIMCO New York Municipal Income Fund,PNF,US
84,PIMCO New York Municipal Income Fund II,PNI,US
85,PIMCO New York Municipal Income Fund III,PYN,US
86,"PIMCO Strategic Income Fund, Inc.",RCS,US
87,"Pinnacle Entertainment, Inc.",PNK,US
88,"Pinnacle Foods, Inc.",PF,US
89,Pinnacle West Capital Corporation,PNW,US
90,Pioneer Energy Services Corp.,PES,US
91,Pioneer Floating Rate Trust,PHD,US
92,Pioneer High Income Trust,PHT,US
93,Pioneer Municipal High Income Advantage Trust,MAV,US
94,Pioneer Municipal High Income Trust,MHI,US
95,Pioneer Natural Resources Company,PXD,US
96,Piper Sandler Companies,PIPR,US
97,Pitney Bowes Inc.,PBI,US
98,Pitney Bowes Inc,PBI.PRA,US
99,Pitney Bowes Inc,PBI.PRB,US
100,"Plains All American Pipeline, L.P.",PAA,US
101,"Plains GP Holdings, L.P.",PAGP,US
102,Plantronics Inc.,PLT,US
103,Platform Specialty Products Corporation,PAH,US
104,"Platinum Underwriters Holdings, Ltd.",PTP,US
105,PLC Capital Trust V,PL.PRB,US
106,"Plum Creek Timber Company, Inc.",PCL,US
107,"Ply Gem Holdings, Inc.",PGEM,US
108,"The PNC Financial Services Group, Inc.",PNC,US
109,"The PNC Financial Services Group, Inc.",PNC.PRP,US
110,"The PNC Financial Services Group, Inc.",PNC.PRQ,US
111,"The PNC Financial Services Group, Inc.",PNC.WS,US
112,"PNM Resources, Inc.",PNM,US
113,Polaris Industries Inc.,PII,US
114,PolyOne Corporation,POL,US
115,"Polypore International, Inc.",PPO,US
116,Portland General Electric Company,POR,US
117,Portugal Telecom SGPS SA,PT,Portugal
118,POSCO,PKX,South Korea
119,"Post Holdings, Inc.",POST,US
120,Post Pptys Inc,PPS.PRA,US
121,Post Properties Inc.,PPS,US
122,Potash Corporation of Saskatchewan Inc.,POT,Canada
123,"PowerSecure International, Inc.",POWR,US
124,"PPG Industries, Inc.",PPG,US
125,PPL Corporation,PPL,US
126,"PPL Capital Funding, Inc.",PPX,US
127,"Praxair, Inc.",PX,US
128,Precision Drilling Trust,PDS,Canada
129,"Premiere Global Services, Inc.",PGI,US
130,"Prestige Brands Holdings, Inc.",PBH,US
131,Pretium Resources Inc.,PVG,US
132,"Primerica, Inc.",PRI,US
133,Primero Mining Corp.,PPP,US
134,"Principal Financial Group, Inc.",PFG,US
135,"Principal Financial Group, Inc.",PFG.PRB,US
136,Principal Real Estate Income Fund,PGZ,US
137,"PrivateBancorp, Inc.",PVTD,US
138,ProAssurance Corporation,PRA,US
139,Procter & Gamble Co.,PG,US
140,Progressive Corporation,PGR,US
141,Progressive Waste Solutions Ltd.,BIN,US
142,"Prologis, Inc.",PLD,US
143,"Promotora de Informaciones, S.A.",PRIS,Spain
144,"PROS Holdings, Inc.",PRO,US
145,Prospect Capital Corporation,PRY,US
146,"Prosperity Bancshares, Inc",PB,US
147,Protective Life Corporation,PL,US
148,Protective Life Corporation,PLP,US
149,Protective Life Corporation,PL.PRC,US
150,Protective Life Corporation,PL.PRE,US
151,"Proto Labs, Inc.",PRLB,US
152,"Provident Financial Services, Inc.",PFS,US
153,Prudential plc,PUK,United Kingdom
154,"Prudential Financial, Inc.",PFK,US
155,"Prudential Financial, Inc.",PJH,US
156,"Prudential Financial, Inc.",PRH,US
157,"Prudential Financial, Inc.",PRU,US
158,"Prudential Global Short Duration High Yield Fund, Inc.",GHY,US
159,Prudential Public Limited Company,PUK.PR,United Kingdom
160,Prudential Public Limited Company,PUK.PRA,United Kingdom
161,"Prudential Short Duration High Yield Fund, Inc.",ISD,US
162,P.T. Telekomunikasi Indonesia,TLK,Indonesia
163,Public Service Enterprise Group Inc.,PEG,US
164,Public Storage,PSA,US
165,Public Storage,PSA.PRO,US
166,Public Storage,PSA.PRP,US
167,Public Storage,PSA.PRQ,US
168,Public Storage,PSA.PRR,US
169,Public Storage,PSA.PRS,US
170,Public Storage,PSA.PRT,US
171,Public Storage,PSA.PRU,US
172,Public Storage,PSA.PRV,US
173,Public Storage,PSA.PRW,US
174,Public Storage,PSA.PRX,US
175,Public Storage,PSA.PRY,US
176,Public Storage,PSA.PRZ,US
177,Pulse Electronics Corporation,PULS,US
178,"PulteGroup, Inc.",PHM,US
179,"Puma Biotechnology, Inc.",PBYI,US
180,Putnam High Income Securities Fund,PCF,US
181,Putnam Managed Municipal Income Trust,PMM,US
182,Putnam Master Intermediate Income Trust,PIM,US
183,Putnam Municipal Opportunities Trust,PMO,US
184,Putnam Premier Income Trust,PPT,US
185,PVH Corp.,PVH,US
186,"Pzena Investment Management, Inc.",PZN,US
0,"Q2 Holdings, Inc.",QTWO,US
1,"QEP Midstream Partners, LP",QEPM,US
2,"QEP Resources, Inc.",QEP,US
3,QIHOO 360 Technology Co. Ltd.,QIHU,China
4,"QR Energy, LP",QRE,US
5,"QTS Realty Trust, Inc.",QTS,US
6,"Quad/Graphics, Inc.",QUAD,US
7,Quaker Chemical Corporation,KWR,US
8,Quanex Building Products Corporation,NX,US
9,Quanta Services Inc.,PWR,US
10,Quantum Corporation,QTM,US
11,Quest Diagnostics Incorporated,DGX,US
12,Questar Corporation,STR,US
13,"Quiksilver, Inc.",ZQK,US
14,Quintiles IMS Holdings Inc.,Q,US
15,Qwest Corporation,CTU,US
16,Qwest Corporation,CTW,US
17,Qwest Corporation,CTX,US
18,Qwest Corporation,CTY,US
0,Radian Group,RDN,US
1,Rally Software Development Corp.,RALY,US
2,Ralph Lauren Corporation,RL,US
3,RPT Realty,RPT,US
4,Range Resources,RRC,US
5,Raymond James Financial,RJF,US
6,Raymond James Financial,RJD,US
7,Rayonier,RYN,US
8,Rayonier Advanced Materials,RYAM,US
9,RCS Capital Corporation,RCAP,US
10,RE/MAX,RMAX,US
11,RealD,RLD,US
12,Realogy,RLGY,US
13,Realty Income Corporation,O,US
14,Red Lion Hotels Corporation,RLH,US
15,Redwire Corporation,RDW,US
16,Redwood Trust Inc,RWT,US
17,Regal-Beloit,RBC,US
18,Regal Entertainment Group,RGC,US
19,Regency Centers Corporation,REG,US
20,Regional Management Corp.,RM,US
21,Regions Financial Corporation,RF,US
22,Regis Corporation,RGS,US
23,Reinsurance Group of America,RGA,US
24,Reliance Steel & Aluminum Co.,RS,US
25,RenaissanceRe Holdings Ltd.,RNR,Bermuda
26,ReneSola,SOL,China
27,Renren,RENN,China
28,Rentech,RNF,US
29,Republic Services,RSG,US
30,ResMed,RMD,US
31,Resolute Energy Corporation,REN,US
32,Resolute Forest Products,RFP,US
33,Restoration Hardware,RH,US
34,Restaurant Brands International,QSR,US
35,"Retail Properties of America, Inc.",RPAI,US
36,Revlon,REV,US
37,REX American Resources,REX,US
38,"Rexford Industrial Realty, Inc.",REXR,US
39,Rexnord Corporation,RXN,US
40,Reynolds American,RAI,US
41,Rhino Resource Partners LP,RNO,Canada
42,RingCentral,RNG,US
43,Rio Alto Mining,RIOM,US
44,Rio Tinto Group,RIO,United Kingdom
45,Ritchie Bros. Auctioneers,RBA,Canada
46,Rite Aid,RAD,US
47,RLI Corp,RLI,US
48,RLJ Lodging Trust,RLJ,US
49,"Roadrunner Transportation Systems, Inc.",RRTS,US
50,Robert Half International,RHI,US
51,Roblox Corporation,RBLX,US
52,Rocket Companies,RKT,US
53,Rockwell Automation,ROK,US
54,Rockwell Collins,COL,US
55,"Rockwood Holdings, Inc.",ROC,US
56,Rogers Corporation,ROG,US
57,Rogers Communications,RCI,Canada
58,Rollins Inc.,ROL,US
59,Roper Industries,ROP,US
60,"Rose Rock Midstream, L.P.",RRMS,US
61,Rosetta Stone Inc.,RST,US
62,Roundy's,RNDY,US
63,Royal Bank of Canada,RY,Canada
64,Royal Bank of Scotland,RBS,United Kingdom
65,Royal Caribbean Group,RCL,US
66,Royal Dutch Shell,RDS.A,Netherlands
67,RPC Inc.,RES,US
68,RPM International,RPM,US
69,"RSP Permian, Inc.",RSPP,US
70,RTI International Metals,RTI,US
71,Rubicon Project,RUBI,US
72,Ruckus Wireless,RKUS,US
73,"Rudolph Technologies, Inc.",RTEC,US
74,Ryder,R,US
75,Ryman Hospitality Properties,RHP,US
0,Sabine Royalty Trust,SBR,US
1,Safe Bulkers Inc.,SB,Greece
2,Safe Bulkers Inc.,SB.PRB,US
3,"Safe Bulkers, Inc.",SB.PRC,Marshall Islands
4,"Safe Bulkers, Inc.",SB.PRD,US
5,"Safeguard Scientifics, Inc.",SFE,US
6,Safeway Inc.,SWY,US
7,"salesforce.com, inc.",CRM,US
8,Salient Midstream & MLP Fund,SMM,US
9,Salient MLP and Energy Infrastructure Fund,SMF,US
10,"Sally Beauty Holdings, Inc.",SBH,US
11,San Juan Basin Royalty Trust,SJT,US
12,Sanchez Energy Corporation,SN,US
13,"SandRidge Energy, Inc.",SD,US
14,SandRidge Mississippian Trust I,SDT,US
15,SandRidge Mississippian Trust II,SDR,US
16,SandRidge Permian Trust,PER,US
17,Sanofi,SNY,France
18,Santander Consumer USA Holdings Inc.,SC,US
19,Santander Finance Preferred S.A. Unipersonal,SAN.PRA,Spain
20,Santander Finance Preferred S.A. Unipersonal,SAN.PRB,Spain
21,Santander Finance Preferred S.A. Unipersonal,SAN.PRC,Spain
22,Santander Finance Preferred S.A. Unipersonal,SAN.PRE,Spain
23,Santander Finance Preferred S.A. Unipersonal,SAN.PRF,Spain
24,Santander Finance Preferred S.A. Unipersonal,SAN.PRI,Spain
25,"Santander Holdings USA, Inc.",SOV.PRC,Mexico
26,SAP SE,SAP,Germany
27,Saratoga Investment Corp.,SAQ,US
28,Saratoga Investment Corp.,SAR,US
29,Sasol Limited,SSL,South Africa
30,Saul Centers Inc.,BFS,US
31,Saul Centers Inc.,BFS.PRA,US
32,Saul Centers Inc.,BFS.PRC,US
33,SCANA Corporation,SCG,US
34,Scana Corporation,SCU,US
35,SCE Trust I,SCE.PRF,US
36,SCE Trust II,SCE.PRG,US
37,SCE Trust III,SCE.PRH,US
38,Schlumberger Limited,SLB,US
39,"Schweitzer Mauduit International, Inc.",SWM,US
40,Science Applications International Corporation,SAIC,US
41,Scorpio Bulkers Inc.,SALT,US
42,Scorpio Tankers Inc.,SBNA,US
43,Scorpio Tankers Inc.,STNG,Monaco
44,The Scotts Miracle-Gro Company,SMG,US
45,"Scripps Networks Interactive, Inc.",SNI,US
46,Seabridge Gold Inc.,SA,Canada
47,SEACOR Holdings Inc.,CKH,US
48,Seadrill Limited,SDRL,Norway
49,Seadrill Partners LLC,SDLP,US
50,Sealed Air Corporation,SEE,US
51,Seaspan Corporation,SSW,Marshall Islands
52,Seaspan Corporation,SSWN,China
53,Seaspan Corporation,SSW.PRC,Marshall Islands
54,Seaspan Corporation,SSW.PRD,Marshall Islands
55,Seaspan Corporation,SSW.PRE,Marshall Islands
56,"SeaWorld Entertainment, Inc.",SEAS,US
57,Select Asset Inc.,JBN,US
58,Select Asset Inc.,JBR,US
59,Select Income REIT,SIR,US
60,Select Medical Holdings Corporation,SEM,US
61,"Selective Insurance Group, Inc.",SGZA,US
62,Semiconductor Manufacturing International Corporation,SMI,China
63,Sempra Energy,SRE,US
64,Senior Housing Properties Trust,SNH,US
65,Senior Housing Properties Trust,SNHN,US
66,Sensata Technologies Holding N.V.,ST,Netherlands
67,Sensient Technologies Corporation,SXT,US
68,Sequans Communications S.A.,SQNS,France
69,Service Corporation International,SCI,US
70,"ServiceNow, Inc.",NOW,US
71,Sesa Sterlite Limited,SSLT,US
72,Shaw Communications Inc.,SJR,Canada
73,Sherwin Williams Co.,SHW,US
74,Shinhan Financial Group,SHG,South Korea
75,Ship Finance International Limited,SFL,Bermuda
76,"Shutterstock, Inc.",SSTK,US
77,Sibanye Gold Limited,SBGL,South Africa
78,Signet Jewelers Limited,SIG,Bermuda
79,Silver Bay Realty Trust Corp.,SBY,US
80,"Silver Spring Networks, Inc.",SSNI,US
81,Silver Wheaton Corp.,SLW,Canada
82,Silvercorp Metals Inc.,SVM,China
83,"Simon Property Group, Inc.",SPG,US
84,"Simon Property Group, Inc.",SPG.PRJ,US
85,"Simpson Manufacturing Co., Inc.",SSD,US
86,Sinopec Shanghai Petrochemical Company Limited,SHI,China
87,Site Centers,SITC,US
88,Six Flags Entertainment Corporation,SIX,US
89,SJW Corp.,SJW,US
90,"SK Telecom Co., Ltd.",SKM,South Korea
91,"SKECHERS USA, Inc.",SKX,US
92,"Skilled Healthcare Group, Inc.",SKH,US
93,SL Green Realty Corporation,SLG,US
94,SL Green Realty Corp.,SLG.PRI,US
95,SM Energy Company,SM,US
96,Smith & Nephew plc,SNN,United Kingdom
97,Snap On Inc.,SNA,US
98,Sociedad Química y Minera de Chile S.A.,SQM,Chile
99,Solar Capital Ltd.,SLRA,US
100,"SolarWinds, Inc.",SWI,US
101,"Solera Holdings, Inc.",SLH,US
102,Sonic Automotive Inc.,SAH,US
103,Sonoco Products Co.,SON,US
104,Sony Corporation,SNE,Japan
105,Sotheby's,BID,US
106,SouFun Holdings Limited,SFUN,China
107,"Source Capital, Inc.",SOR,US
108,South Jersey Industries Inc.,SJI,US
109,"Southcross Energy Partners, L.P.",SXE,US
110,Southern Company,SO,US
111,Southern Copper Corporation,SCCO,US
112,Southwest Airlines Co.,LUV,US
113,Southwest Gas Corporation,SWX,US
114,Southwestern Energy Co.,SWN,US
115,Sovran Self Storage Inc.,SSS,US
116,"Spansion, Inc.",CODE,US
117,Sparton Corporation,SPA,US
118,"Special Opportunities Fund, Inc.",SPE,US
119,Spectra Energy Corp,SE,US
120,"Spectra Energy Partners, LP",SEP,US
121,"Spectrum Brand Holdings, Inc.",SPB,US
122,"Speedway Motorsports, Inc.",TRK,US
123,"Spirit AeroSystems Holdings, Inc.",SPR,US
124,"Spirit Realty Capital, Inc.",SRC,US
125,Sprague Resources LP,SRLP,US
126,"Springleaf Holdings, Inc.",LEAF,US
127,Sprint Corporation,S,US
128,SPX Corporation,SPW,US
129,St Joe Co.,JOE,US
130,"St. Jude Medical, Inc.",STJ,US
131,"STAG Industrial, Inc.",STAG,US
132,"STAG Industrial, Inc.",STAG.PRA,US
133,"STAG Industrial, Inc.",STAG.PRB,US
134,"Stage Stores, Inc.",SSI,US
135,"StanCorp Financial Group, Inc.",SFG,US
136,"Standard Motor Products, Inc.",SMP,US
137,Standex International Corporation,SXI,US
138,"Stanley Black & Decker, Inc.",SWK,US
139,"Stanley Black & Decker, Inc.",SWH,US
140,"Stanley Black & Decker, Inc.",SWJ,US
141,"Stanley Black & Decker, Inc.",SWU,US
142,Stantec Inc.,STN,Canada
143,Star Gas Partners LP.,SGU,US
144,Starrett L S Co.,SCX,US
145,Startek Inc.,SRT,US
146,"Starwood Property Trust, Inc.",STWD,US
147,State Street Corporation,STT,US
148,State Street Corporation,STT.PRC,US
149,State Street Corporation,STT.PRD,US
150,Statoil ASA,STO,Norway
151,Steel Partners Holdings L.P.,SPLP,US
152,Steelcase Inc.,SCS,US
153,Stellus Capital Investment Corporation,SCM,US
154,Stellus Capital Investment Corporation,SCQ,US
155,Stepan Co.,SCL,US
156,Steris Corporation,STE,US
157,Sterling Bancorp,STL,US
158,Stewart Information Services Corporation,STC,US
159,Stifel Financial Corporation,SF,US
160,Stifel Financial Corporation,SFB,US
161,Stifel Financial Corporation,SFN,US
162,Stillwater Mining Company,SWC,US
163,STMicroelectronics NV,STM,Switzerland
164,Stone Energy Corporation,SGY,US
165,Stone Harbor Emergin Markets Income Fund,EDF,US
166,Stone Harbor Emerging Markets Total Income Fund,EDI,US
167,Stonegate Mortgage Corporation,SGM,US
168,StoneMor Partners L.P.,STON,US
169,"Stoneridge, Inc.",SRI,US
170,"STR Holdings, Inc.",STRI,US
171,"Strategic Global Income Fund, Inc.",SGL,US
172,"Strategic Hotel & Resorts, Inc.",BEE,US
173,"Strategic Hotel & Resorts, Inc.",BEE.PRB,US
174,"Stride, Inc.",LRN,US
175,Structured Products Corp.,HYL,US
176,Structured Products Corp.,KCC,US
177,Structured Products Corp.,KTH,US
178,Structured Products Corp.,KTN,US
179,Structured Products Corp.,KTP,US
180,Stryker Corporation,SYK,US
181,"Sturm, Ruger & Company Inc.",RGR,US
182,Suburban Propane Partners LP,SPH,US
183,"Sumitomo Mitsui Financial Group, Inc.",SMFG,Japan
184,"Summit Hotel Properties, Inc.",INN,US
185,"Summit Hotel Properties, Inc.",INN.PRA,US
186,"Summit Hotel Properties, Inc.",INN.PRB,US
187,"Summit Hotel Properties, Inc.",INN.PRC,US
188,"Summit Midstream Partners, LP",SMLP,US
189,Sun Communities Inc.,SUI,US
190,Sun Communities Inc.,SUI.PRA,US
191,"Sun Life Financial, Inc.",SLF,Canada
192,"SunCoke Energy, Inc.",SXC,US
193,"SunCoke Energy Partners, L.P",SXCP,US
194,Suncor Energy Inc.,SU,Canada
195,"SunEdison, Inc.",SUNE,US
196,"Sunoco Logistics Partners, L.P.",SXL,US
197,"Sunstone Hotel Investors, Inc.",SHO,US
198,"Sunstone Hotel Investors, Inc.",SHO.PRD,US
199,Suntrust Banks Inc.,STI,US
200,Suntrust Banks Inc.,STI.PRA,US
201,Suntrust Banks Inc.,STI.PRE,US
202,Suntrust Banks Inc.,STI.WS.A,US
203,Suntrust Banks Inc.,STI.WS.B,US
204,"Superior Energy Services, Inc.",SPN,US
205,Superior Industries International Inc.,SUP,US
206,Supervalu Inc.,SVU,US
207,Susser Holdings Corporation,SUSS,US
208,Susser Petroleum Partners LP,SUSP,US
209,Swift Energy Co.,SFY,US
210,Swift Transportation Company,SWFT,US
211,"The Swiss Helvetia Fund, Inc.",SWZ,US
212,"SWS Group, Inc.",SWS,US
213,Symetra Financial Corporation,SYA,US
214,Symmetry Medical Inc.,SMA,US
215,Syngenta AG,SYT,Switzerland
216,SYNNEX Corporation,SNX,US
217,Synovus Financial Corp.,SNV,US
218,Synovus Financial Corp.,SNV.PRC,US
219,"Synthetic Fixed-Income Securities, Inc.",GJH,US
220,"Synthetic Fixed-Income Securities, Inc.",GJO,US
221,"Synthetic Fixed-Income Securities, Inc.",GJP,US
222,"Synthetic Fixed-Income Securities, Inc.",GJR,US
223,"Synthetic Fixed-Income Securities, Inc.",GJS,US
224,"Synthetic Fixed Income Securities, Inc.",GJT,US
225,"Synthetic Fixed-Income Securities, Inc.",GJV,US
226,SYSCO Corporation,SYY,US
227,Systemax Inc.,SYX,US
0,"T-Mobile US, Inc.",TMUS,US
1,"Tableau Software, Inc.",DATA,US
2,Tahoe Resources Inc.,TAHO,US
3,"The Taiwan Fund, Inc.",TWN,US
4,Taiwan Semiconductor Manufacturing Company Ltd.,TSM,Taiwan
5,TAL Education Group,XRS,China
6,TAL International Group,TAL,US
7,Talisman Energy Inc.,TLM,Canada
8,"Tallgrass Energy Partners, LP",TEP,US
9,Taminco Corporation,TAM,US
10,"Tanger Factory Outlet Centers, Inc.",SKT,US
11,Taomee Holdings Ltd.,TAOM,China
12,Targa Resources Corp.,TRGP,US
13,Targa Resources Partners LP,NGLS,US
14,Target Corporation,TGT,US
15,Taro Pharmaceutical Industries Ltd.,TARO,US
16,Tata Motors Limited,TTM,India
17,"Taubman Centers, Inc.",TCO,US
18,"Taubman Centers, Inc.",TCO.PRJ,US
19,"Taubman Centers, Inc.",TCO.PRK,US
20,Taylor Morrison Home Corporation,TMHC,US
21,"TC PipeLines, LP",TCP,US
22,TCF Financial Corporation,TCB,US
23,TCF Financial Corporation,TCB.PRB,US
24,TCF Financial Corporation,TCB.PRC,US
25,TCF Financial Corporation,TCB.WS,US
26,"TCW Strategic Income Fund, Inc.",TSI,US
27,TE Connectivity Ltd.,TEL,US
28,Team Inc.,TISI,US
29,"Team Health Holdings, Inc.",TMH,US
30,Teck Resources Limited,TCK,Canada
31,"TECO Energy, Inc.",TE,US
32,Teekay Corporation,TK,Marshall Islands
33,Teekay LNG Partners L.P.,TGP,Marshall Islands
34,Teekay Offshore Partners L.P.,TOO,Marshall Islands
35,Teekay Offshore Partners L.P.,TOO.PRA,US
36,Teekay Tankers Ltd,TNK,Bahamas
37,Tejon Ranch Co.,TRC,US
38,Telecom Argentina S.A.,TEO,Argentina
39,Telecom Italia S.P.A.,TI,Italy
40,Telecom Italia S.P.A.,TI.A,Italy
41,Teledyne Technologies Inc,TDY,US
42,Teleflex Inc.,TFX,US
43,Telefónica S.A.,TEF,Spain
44,"Telefónica Brasil, S.A.",VIV,Brazil
45,"Telephone and Data Systems, Inc.",TDS,US
46,"Telephone and Data Systems, Inc.",TDA,US
47,"Telephone and Data Systems, Inc.",TDE,US
48,"Telephone and Data Systems, Inc.",TDI,US
49,"Telephone and Data Systems, Inc.",TDJ,US
50,Telkom SA SOC Limited,TKG,South Africa
51,Telus Corporation,TU,Canada
52,"Templeton Dragon Fund, Inc.",TDF,US
53,Templeton Emerging Markets Fund (Delaware),EMF,US
54,"Templeton Emerging Markets Income Fund, Inc.",TEI,US
55,"Templeton Global Income Fund, Inc.",GIM,US
56,"Templeton Russia and East European Fund, Inc.",TRF,US
57,"Tempur Sealy International, Inc.",TPX,US
58,Tenaris S.A.,TS,Luxembourg
59,Tenet Healthcare Corporation,THC,US
60,Tennant Company,TNC,US
61,Tenneco Inc.,TEN,US
62,Tennessee Valley Authority,TVC,US
63,Tennessee Valley Authority,TVE,US
64,Teradata Corporation,TDC,US
65,Teradyne Inc.,TER,US
66,Terex Corporation,TEX,US
67,Ternium S.A.,TX,Luxembourg
68,Terra Nitrogen Co. LP,TNH,US
69,Terreno Realty Corporation,TRNO,US
70,Terreno Realty Corporation,TRNO.PRA,US
71,Tesoro Corporation,TSO,US
72,Tesoro Logistics LP,TLLP,US
73,Tetra Technologies Inc.,TTI,US
74,Teva Pharmaceutical Industries Ltd.,TEVA,US
75,Texas Pacific Land Trust,TPL,US
76,Textainer Group Holdings Limited,TGH,Bermuda
77,Textron Inc,TXT,US
78,Textura Corporation,TXTR,US
79,"The Thai Fund, Inc.",TTF,US
80,"Themon Group Holdings, Inc.",THR,US
81,Thermo Fisher Scientific Inc.,TMO,US
82,Third Point Reinsurance Ltd.,TPRE,US
83,THL Credit Senior Loan Fund,TSLF,US
84,Thompson Creek Metals Company Inc.,TC,Canada
85,Thomson Reuters Corporation,TRI,Canada
86,"Thor Industries, Inc.",THO,US
87,"Tidewater, Inc.",TDW,US
88,Tiffany & Co.,TIF,US
89,"Tillys, Inc.",TLYS,US
90,Tim Hortons Inc.,THI,Canada
91,Tim Participações S.A.,TSU,Brazil
92,Time Inc.,TIME,US
93,Time Warner Inc.,TWX,US
94,Time Warner Cable Inc.,TWC,US
95,Timken Co.,TKR,US
96,TimkenSteel Corporation,TMST,US
97,Titan International Inc.,TWI,US
98,TJX Companies Inc.,TJX,US
99,Toll Brothers Inc.,TOL,US
100,Tootsie Roll Industries Inc.,TR,US
101,Torchmark Corporation,TMK,US
102,Torchmark Corporation,TMK.PRB,US
103,Toro Company,TTC,US
104,Toronto-Dominion Bank,TD,Canada
105,"Tortoise Energy Independence Fund, Inc.",NDP,US
106,Tortoise Energy Infrastructure Corporation,TYG,US
107,Tortoise Energy Infrastructure Corporation,TYG.PRB,US
108,Tortoise Energy Infrastructure Corp.,TYG.PRC,US
109,"Tortoise MLP Fund, Inc.",NTG,US
110,"Tortoise Pipeline & Energy Fund, Inc.",TTP,US
111,"Tortoise Power and Energy Infrastructure Fund, Inc.",TPZ,US
112,TotalEnergies,TOT,France
113,"Tower International, Inc.",TOWR,US
114,Towers Watson & Co.,TW,US
115,Toyota Motor Corporation,TM,Japan
116,"TPG Specialty Lending, Inc.",TSLX,US
117,TransAlta Corporation,TAC,Canada
118,"Transamerica Income Shares, Inc.",TAI,US
119,TransCanada Corporation,TRP,Canada
120,Transcontinental Realty Investors Inc.,TCI,US
121,TransDigm Group Incorporated,TDG,US
122,Transmontaigne Partners L.P.,TLP,US
123,Transocean Ltd.,RIG,US
124,Transportadora de Gas del Sur,TGS,Argentina
125,TravelCenters of America LLC,TA,US
126,TravelCenters of America LLC,TANN,US
127,"The Travelers Companies, Inc.",TRV,US
128,Trecora Resources,TREC,US
129,Tredegar Corporation,TG,US
130,"TreeHouse Foods, Inc.",THS,US
131,"Tremor Video, Inc.",TRMR,US
132,"Trex, Inc.",TREX,US
133,Tri-Continental Corporation,TY,US
134,Tri-Continental Corp,TY.PR,US
135,"Tri Pointe Homes, Inc.",TPH,US
136,Triangle Capital Corporation,TCAP,US
137,Triangle Capital Corporation,TCC,US
138,Triangle Capital Corporation,TCCA,US
139,Trina Solar Limited,TSL,China
140,"Trinet Group, Inc.",TNET,US
141,Trinity Industries Inc.,TRN,US
142,"Trinseo, S.A.",TSE,Luxembourg
143,Triple-S Management Corporation,GTS,Puerto Rico
144,TriplePoint Venture Growth BDC Corp.,TPVG,US
145,Triumph Group Inc.,TGI,US
146,Tronox Limited,TROX,US
147,"TrueBlue, Inc.",TBI,US
148,"Trulia, Inc.",TRLA,US
149,TRW Automotive Holdings Corp.,TRW,US
150,Tsakos Energy Navigation Limited,TNP,Greece
151,Tsakos Energy Navigation Limited,TNP.PRB,Greece
152,Tsakos Energy Navigation Limited,TNP.PRC,Greece
153,"Tumi Holdings, Inc.",TUMI,US
154,Tupperware Brands Corporation,TUP,US
155,Turkcell Iletisim Hizmetleri A.S.,TKC,US
156,"The Turkish Investment Fund, Inc.",TKF,US
157,Turquoise Hill Resources Ltd.,TRQ,Canada
158,Tutor Perini Corporation,TPC,US
159,"Twitter, Inc.",TWTR,US
160,Two Harbors Investment Corp.,TWO,US
161,Tyco International Ltd.,TYC,Switzerland
162,"Tyler Technologies, Inc.",TYL,US
163,Tyson Foods Inc.,TSN,US
0,UBS AG,UBS,Switzerland
1,"UCP, Inc.",UCP,US
2,"UDR, Inc.",UDR,US
3,UGI Corporation,UGI,US
4,UIL Holdings Corporation,UIL,US
5,Ultra Petroleum Corp.,UPL,US
6,Ultrapar,UGP,Brazil
7,UMH Properties,UMH,US
8,Under Armour,UA,US
9,Unifi Inc,UFI,US
10,UniFirst,UNF,US
11,Unilever,UN,Netherlands
12,Unilever Plc,UL,United Kingdom
13,Union Pacific Railroad,UNP,US
14,Unisys,UIS,US
15,Unit Corporation,UNT,US
16,United Continental Holdings,UAL,US
17,United Microelectronics Corporation,UMC,Taiwan
18,United Parcel Service,UPS,US
19,United Rentals,URI,US
20,U.S. Cellular,USM,US
21,U.S. Steel,X,US
22,UnitedHealth Group,UNH,US
23,Unitil Corporation,UTL,US
24,Universal Corporation,UVV,US
25,Universal American,UAM,US
26,Universal Health Realty Income Trust,UHT,US
27,Universal Health Services,UHS,US
28,Universal Technical Institute,UTI,US
29,UNS Energy,UNS,US
30,Unum Group,UNM,US
31,URS Corporation,URS,US
32,Urstadt Biddle Properties,UBA,US
33,U.S. Bancorp,USB,US
34,"U.S. Physical Therapy, Inc.",USPH,US
35,"U.S. Silica Holdings, Inc.",SLCA,US
36,"USA Compression Partners, LP",USAC,US
37,USANA Health Sciences,USNA,US
38,United States Enrichment Corporation,USU,US
0,"VAALCO Energy, Inc.",EGY,US
1,"Vail Resorts, Inc.",MTN,US
2,Vale S.A. ADR,VALE,Brazil
3,Vale S.A. Pref Share,VALEPR,Brazil
4,Valero Energy Corp,VLO,US
5,Valero Energy Partners LP,VLP,US
6,"Valhi, Inc.",VHI,US
7,Validus Holdings Inc.,VR,Bermuda
8,Valley National Bancorp,VLY,US
9,Valmont Industries Inc.,VMI,US
10,Valspar Corp,VAL,US
11,Vantage Drilling Co,VTG,US
12,Vantiv Inc.,VNTV,US
13,Vector Group Ltd.,VGR,US
14,Vectren Corp,VVC,US
15,Vectrus Inc.,VEC,US
16,Veeva Systems Inc Class A,VEEV,US
17,Ventas Inc.,VTR,US
18,Veritiv Corporation,VRTV,US
19,Verizon Communications Inc.,VZ,US
20,Vermilion Energy Inc.,VET,US
21,Versar Inc,VSR,US
22,Verso Corp,VRS,US
23,VF Corp,VFC,US
24,Viad Corp,VVI,US
25,Vicon Industries Inc,VII,US
26,Vince Holding Corp.,VNCE,US
27,"Violin Memory, Inc.",VMEM,US
28,Vipshop Holdings Ltd ADR,VIPS,US
29,VirnetX Holding Corp,VHC,US
30,Visa Inc.,V,US
31,Vishay Intertechnology Inc.,VSH,US
32,Vishay Precision Group Inc,VPG,US
33,Vista Gold Corp,VGZ,US
34,Vista Outdoor Inc,VSTO,US
35,Visteon Corp,VC,US
36,Vitamin Shoppe Inc,VSI,US
37,Vivint Solar Inc,VSLR,US
38,VOC Energy Trust,VOC,US
39,Vocera Communications Inc,VCRA,US
40,VolitionRx Ltd,VNRX,Singapore
41,Volt Information Science Inc,VISI,US
42,Vonage Holdings Corp.,VG,US
43,Vornado Realty Trust,VNO,US
44,Voxeljet AG ADR,VJET,US
45,Voya Financial Inc,VOYA,US
46,VTTI Energy Partners Inc,VTTI,US
47,Vulcan Materials Co,VMC,US
0,"W&T Offshore, Inc.",WTI,US
1,Wabash National,WNC,US
2,"WABCO Holdings, Inc.",WBC,US
3,Wabtec,WAB,US
4,Waddell & Reed Financial Inc,WDR,US
5,"WageWorks, Inc.",WAGE,US
6,Walmart,WMT,US
7,Walgreens,WAG,US
8,Walker & Dunlop,WD,US
9,The Walt Disney Company,DIS,US
10,Walter Energy,WLT,US
11,Walter Investment Management Company,WAC,US
12,Washington Prime Group Inc.,WPG,US
13,Washington Real Estate Investment,WRE,US
14,Waste Connections,WCN,US
15,"Waste Management, Inc.",WM,US
16,Waters Corporation,WAT,US
17,Watsco,WSO,US
18,"Watts Water Technologies, Inc.",WTS,US
19,Wausau Paper,WPP,US
20,Wayfair,W,US
21,Weatherford International,WFT,Ireland
22,Webster Bank,WBS,US
23,WW International,WTW,US
24,Weis Markets,WMK,US
25,WellCare,WCG,US
26,Wells Fargo,WFC,US
27,"Wesco Aircraft Holdings, Inc.",WAIR,US
28,WESCO International,WCC,US
29,West Pharmaceutical Services,WST,US
30,"Westar Energy, Inc.",WR,US
31,Western Alliance Bancorporation,WAL,US
32,"Western Gas Equity Partners, LP",WGP,US
33,"Western Gas Partners, L.P.",WES,US
34,Western Refining,WNR,US
35,"Western Refining Logistics, LP",WNRL,US
36,Western Union,WU,US
37,Westlake Chemical,WLK,US
38,Westpac,WBK,Australia
39,"Westwood Holdings Group, Inc.",WHG,US
40,WEX Inc,WEX,US
41,Weyerhaeuser,WY,US
42,Washington Gas,WGL,US
43,Whirlpool Corporation,WHR,US
44,White Mountains Insurance Group,WTM,US
45,Whitestone REIT,WSR,US
46,John Wiley & Sons,JW.B,US
47,Willbros Group,WG,US
48,William Lyon Homes,WLH,US
49,Williams Companies,WMB,US
50,Williams Partners L.P.,WPZ,US
51,"Williams-Sonoma, Inc.",WSM,US
52,Winnebago Industries,WGO,US
53,Winthrop Realty Trust,WRT,US
54,Winthrop Realty Trust,FUR,US
55,Wipro Limited,WIT,India
56,Wisconsin Energy Corporation,WEC,US
57,WNS Global Services,WNS,India
58,Wolverine World Wide,WWW,US
59,Woori Financial Group,WF,South Korea
60,"Workday, Inc.",WDAY,US
61,World Fuel Services,INT,US
62,"World Point Terminals, LP",WPT,US
63,WWE,WWE,US
64,Worthington Industries,WOR,US
65,W. P. Carey,WPC,US
66,"WPX Energy, Inc.",WPX,US
67,W. R. Berkley,WRB,US
68,W.R. Grace & Co.,GRA,US
69,WSP Holdings Limited,WH,China
70,WuXi PharmaTech,WX,China
71,W. W. Grainger,GWW,US
72,Wyndham Worldwide,WYN,US
0,United States Steel Corporation,X,United States
1,Xenia Hotels & Resorts,XHR,United States
2,Xerox,XRX,United States
3,Xinyuan Real Estate,XIN,China
4,XL Fleet,XL,United States
5,XPO Logistics,XPO,United States
6,Xylem Inc.,XYL,United States
0,Yalla Group,YALA,United Arab Emirates
1,Yamana Gold,AUY,Canada
2,Yatsen Holding,YSG,China
3,Yelp,YELP,United States
4,Yeti Holdings,YETI,United States
5,Yext,YEXT,United States
6,Youdao,YOKU,China
7,YPF,YPF,Argentina
8,Yucaipa Acquisition Corporation,YAC,United States
9,Yum! Brands,YUM,United States
10,Yum China,YUMC,China
0,Zendesk,ZEN,United States
1,Zhihu,ZH,China
2,ZIM,ZIM,Israel
3,Zimmer Biomet,ZBH,United States
4,Zions Bancorporation,ZION,United States
5,Zuora,ZUO,United States
6,Zoetis,ZTS,United States
7,Zymeworks,ZYME,Canada
